{
  "scene_index": 72,
  "scene_name": "scene_072",
  "fs": 48000,
  "layout": "mic_8",
  "num_mics": 8,
  "rt60_sec": 0.3,
  "snr_db": 20.0,
  "source_mode": "probe",
  "source_ref": "generated_probe_signal",
  "true_source_position": [
    0.32785300976473547,
    0.3443885435525692,
    0.35
  ],
  "estimated_source_position": [
    0.3400000000000001,
    0.36000000000000004,
    0.35
  ],
  "localization_error_m": 0.019780468755457834,
  "peak_score": 0.5338114401498899,
  "absorption": 0.0700494894560237,
  "max_order_used": 12,
  "max_order_raw": 219,
  "true_ref_mic_index": 3,
  "est_ref_mic_index": 3,
  "true_relative_delays_samples": [
    14.11918289722461,
    16.328416940519567,
    77.96805032836149,
    0.0,
    72.13760836548859,
    20.223760339203928,
    22.219243280877492,
    80.91043570750206
  ],
  "est_relative_delays_samples": [
    15.386076243848594,
    15.386076243848583,
    75.80058161114601,
    0.0,
    69.11616308836577,
    18.327855626568486,
    18.327855626568475,
    77.26205546570921
  ],
  "true_distances_m": [
    0.3922147580233141,
    0.40800157629102607,
    0.8484681232083131,
    0.2913214302368966,
    0.8068047566819505,
    0.4358370509941247,
    0.4500964395148337,
    0.8694939187300884
  ],
  "est_distances_m": [
    0.41048751503547587,
    0.4104875150354758,
    0.8421995013059554,
    0.30054117854297446,
    0.7944337606119216,
    0.4315089802078284,
    0.43150898020782835,
    0.8526429498916882
  ]
}