{
  "scene_index": 39,
  "scene_name": "scene_039",
  "fs": 48000,
  "layout": "mic_8",
  "num_mics": 8,
  "rt60_sec": 0.3,
  "snr_db": 20.0,
  "source_mode": "probe",
  "source_ref": "generated_probe_signal",
  "true_source_position": [
    0.4426277933800297,
    0.22364945767378935,
    0.35
  ],
  "estimated_source_position": [
    0.4600000000000001,
    0.22000000000000003,
    0.35
  ],
  "localization_error_m": 0.01775139724527964,
  "peak_score": 0.5856893740570634,
  "absorption": 0.0700494894560237,
  "max_order_used": 12,
  "max_order_raw": 219,
  "true_ref_mic_index": 1,
  "est_ref_mic_index": 1,
  "true_relative_delays_samples": [
    22.014771109360783,
    0.0,
    62.68249306630696,
    22.393929729624237,
    62.90660364012602,
    46.70569285400357,
    33.012790652686945,
    78.98074209375544
  ],
  "est_relative_delays_samples": [
    25.673928023272207,
    0.0,
    61.96108700048251,
    26.38667851422977,
    62.408028333112846,
    50.29336569004206,
    34.45024006357716,
    78.98003742243633
  ],
  "true_distances_m": [
    0.4178924302038065,
    0.26057854498483257,
    0.7084971933544844,
    0.4206018345111058,
    0.7100986501632331,
    0.5943296418373998,
    0.49648244485715803,
    0.8249617645297933
  ],
  "est_distances_m": [
    0.4318564576337837,
    0.24839484696748437,
    0.6911584478250989,
    0.43694965385041795,
    0.6943522160978534,
    0.6077828559609099,
    0.49457052075512953,
    0.8127730310486441
  ]
}