{
  "scene_index": 69,
  "scene_name": "scene_069",
  "fs": 48000,
  "layout": "mic_8",
  "num_mics": 8,
  "rt60_sec": 0.3,
  "snr_db": 20.0,
  "source_mode": "probe",
  "source_ref": "generated_probe_signal",
  "true_source_position": [
    0.7279822105528746,
    0.1721612180631224,
    0.35
  ],
  "estimated_source_position": [
    0.7400000000000001,
    0.18000000000000002,
    0.35
  ],
  "localization_error_m": 0.014348301831553447,
  "peak_score": 0.5693900061363318,
  "absorption": 0.0700494894560237,
  "max_order_used": 12,
  "max_order_raw": 219,
  "true_ref_mic_index": 1,
  "est_ref_mic_index": 1,
  "true_relative_delays_samples": [
    63.50809806398998,
    0.0,
    29.678927948544523,
    66.85092444512298,
    34.77884836922774,
    85.80437173068579,
    44.475067049695916,
    60.66689894233735
  ],
  "est_relative_delays_samples": [
    63.8027888205658,
    0.0,
    26.916464982296706,
    66.6272422673587,
    31.407418981970192,
    84.99070099028555,
    42.398239794957966,
    57.335688223794264
  ],
  "true_distances_m": [
    0.6714719914544972,
    0.21765370737223552,
    0.4297343800045433,
    0.6953592716363435,
    0.46617756134400873,
    0.8307974470310944,
    0.5354651239981876,
    0.6511692560643545
  ],
  "est_distances_m": [
    0.6841783393238932,
    0.22825424421026663,
    0.4205948168962618,
    0.7043614129124339,
    0.4526864256855953,
    0.8355836283700155,
    0.5312249994117371,
    0.6379655163094632
  ]
}