{
  "scene_index": 14,
  "scene_name": "scene_014",
  "fs": 48000,
  "layout": "mic_8",
  "num_mics": 8,
  "rt60_sec": 0.3,
  "snr_db": 20.0,
  "source_mode": "probe",
  "source_ref": "generated_probe_signal",
  "true_source_position": [
    0.24127914735037082,
    0.09611501751337442,
    0.35
  ],
  "estimated_source_position": [
    0.08,
    0.22000000000000003,
    0.35
  ],
  "localization_error_m": 0.2033677758539296,
  "peak_score": 0.548435190211297,
  "absorption": 0.0700494894560237,
  "max_order_used": 12,
  "max_order_raw": 219,
  "true_ref_mic_index": 0,
  "est_ref_mic_index": 0,
  "true_relative_delays_samples": [
    0.0,
    23.55394595776074,
    93.86399654707046,
    18.826236407095745,
    99.80603657383497,
    55.117191711711186,
    66.10258256192998,
    117.45938421156804
  ],
  "est_relative_delays_samples": [
    0.0,
    49.51614914352638,
    119.63115897026398,
    1.4713050702364494,
    119.92295426596871,
    37.66653813249096,
    69.78384544427462,
    131.24896191923304
  ],
  "true_distances_m": [
    0.2208407959583532,
    0.3891533681148518,
    0.8915772712842941,
    0.3553699436173916,
    0.9340380989755488,
    0.6146990617316227,
    0.6931988338488111,
    1.0601859789701833
  ],
  "est_distances_m": [
    0.20518284528683195,
    0.5590169943749475,
    1.0600471687618434,
    0.2156965461012299,
    1.0621322893124001,
    0.47434164902525694,
    0.7038465741907111,
    1.1430660523346847
  ]
}