{
  "scene_index": 62,
  "scene_name": "scene_062",
  "fs": 48000,
  "layout": "mic_8",
  "num_mics": 8,
  "rt60_sec": 0.3,
  "snr_db": 20.0,
  "source_mode": "probe",
  "source_ref": "generated_probe_signal",
  "true_source_position": [
    0.2069952068475857,
    0.5876006993086481,
    0.35
  ],
  "estimated_source_position": [
    0.14,
    0.54,
    0.35
  ],
  "localization_error_m": 0.08218384461208372,
  "peak_score": 0.6002484376867502,
  "absorption": 0.0700494894560237,
  "max_order_used": 12,
  "max_order_raw": 219,
  "true_ref_mic_index": 5,
  "est_ref_mic_index": 5,
  "true_relative_delays_samples": [
    46.34983266201935,
    62.43314701237915,
    117.8621624959563,
    10.693644657258146,
    103.03099920726311,
    0.0,
    30.16278094078057,
    100.16927035778157
  ],
  "est_relative_delays_samples": [
    39.20892681469561,
    64.4072194545591,
    123.92780267987109,
    3.2966975498774467,
    111.62943484256034,
    0.0,
    41.09172083429551,
    110.90876941801368
  ],
  "true_distances_m": [
    0.5443218280584472,
    0.6592505118537266,
    1.0553370183301216,
    0.28952865127442445,
    0.9493559973296682,
    0.21311364882776726,
    0.42865185430042846,
    0.9289065599260814
  ],
  "est_distances_m": [
    0.48754486972995625,
    0.6676076692189807,
    1.092931836849856,
    0.23092206477510985,
    1.0050497500124063,
    0.20736441353327723,
    0.5009990019950139,
    0.9998999949995
  ]
}