{
  "scene_index": 22,
  "scene_name": "scene_022",
  "fs": 48000,
  "layout": "mic_8",
  "num_mics": 8,
  "rt60_sec": 0.3,
  "snr_db": 20.0,
  "source_mode": "probe",
  "source_ref": "generated_probe_signal",
  "true_source_position": [
    0.4947275779507618,
    0.19316755206071703,
    0.35
  ],
  "estimated_source_position": [
    0.56,
    0.2,
    0.35
  ],
  "localization_error_m": 0.06562904406599945,
  "peak_score": 0.6158859731583644,
  "absorption": 0.0700494894560237,
  "max_order_used": 12,
  "max_order_raw": 219,
  "true_ref_mic_index": 1,
  "est_ref_mic_index": 1,
  "true_relative_delays_samples": [
    33.57579865699283,
    0.0,
    61.2264491589626,
    36.61618047457009,
    63.37210713525374,
    60.753209209041295,
    41.34613904933783,
    81.88549512321329
  ],
  "est_relative_delays_samples": [
    44.89280039439349,
    0.0,
    55.39119336505772,
    47.0563014948131,
    57.28709980620171,
    68.86770568452037,
    41.80906049592035,
    76.98334566693772
  ],
  "true_distances_m": [
    0.45530853138538957,
    0.2153814701489616,
    0.6528954714307152,
    0.4770345931234937,
    0.668227985719629,
    0.6495137776219025,
    0.5108340887723548,
    0.8005215707169231
  ],
  "est_distances_m": [
    0.5170106381884226,
    0.19621416870348585,
    0.5920304046246274,
    0.5324706564685044,
    0.6055782360686356,
    0.688331315574121,
    0.49497474683058335,
    0.7463243262818117
  ]
}