{
  "scene_index": 51,
  "scene_name": "scene_051",
  "fs": 48000,
  "layout": "mic_8",
  "num_mics": 8,
  "rt60_sec": 0.3,
  "snr_db": 20.0,
  "source_mode": "probe",
  "source_ref": "generated_probe_signal",
  "true_source_position": [
    0.4146712393324524,
    0.6425282326403331,
    0.35
  ],
  "estimated_source_position": [
    0.4200000000000001,
    0.66,
    0.35
  ],
  "localization_error_m": 0.018266317223850186,
  "peak_score": 0.6176301830539254,
  "absorption": 0.0700494894560237,
  "max_order_used": 12,
  "max_order_raw": 219,
  "true_ref_mic_index": 6,
  "est_ref_mic_index": 6,
  "true_relative_delays_samples": [
    60.38760622182426,
    51.91379530936757,
    94.39915607205631,
    29.940964571568333,
    74.0468393123137,
    17.88083412463626,
    0.0,
    67.3990645106491
  ],
  "est_relative_delays_samples": [
    63.578143344225246,
    54.71985710976071,
    96.11711801980063,
    32.71846289852685,
    75.01080910559644,
    19.20445265319895,
    0.0,
    67.37354236206346
  ],
  "true_distances_m": [
    0.671522785133741,
    0.6109703446551443,
    0.9145636517718575,
    0.4539561583412872,
    0.76912938825953,
    0.3677764761892518,
    0.24000301567362187,
    0.7216254974893018
  ],
  "est_distances_m": [
    0.688839603971781,
    0.6255397669213365,
    0.9213576938409967,
    0.4683214707868945,
    0.770535528058246,
    0.3717526059088222,
    0.2345207879911714,
    0.7159608927867499
  ]
}