{
  "scene_index": 54,
  "scene_name": "scene_054",
  "fs": 48000,
  "layout": "mic_8",
  "num_mics": 8,
  "rt60_sec": 0.3,
  "snr_db": 20.0,
  "source_mode": "probe",
  "source_ref": "generated_probe_signal",
  "true_source_position": [
    0.547003035019325,
    0.18261023942550947,
    0.35
  ],
  "estimated_source_position": [
    0.56,
    0.18000000000000002,
    0.35
  ],
  "localization_error_m": 0.013256487037197194,
  "peak_score": 0.591480148160586,
  "absorption": 0.0700494894560237,
  "max_order_used": 12,
  "max_order_raw": 219,
  "true_ref_mic_index": 1,
  "est_ref_mic_index": 1,
  "true_relative_delays_samples": [
    43.6354129275472,
    0.0,
    57.63072258188176,
    47.240803242735694,
    60.65904582127067,
    70.27438876426864,
    45.25549257433423,
    80.85096910160374
  ],
  "est_relative_delays_samples": [
    45.91149573489124,
    0.0,
    56.48617470466919,
    49.639106905855925,
    59.75450460467449,
    72.41670915015526,
    46.08868168998185,
    80.38482128714728
  ],
  "true_distances_m": [
    0.5011194428000387,
    0.1893080545886077,
    0.6011275930383044,
    0.5268829610939898,
    0.6227674861864376,
    0.691477124299944,
    0.5126962619427043,
    0.767055604627151
  ],
  "est_distances_m": [
    0.5127377497317709,
    0.1846618531261939,
    0.5883026432033092,
    0.5393746378909561,
    0.611657583947097,
    0.7021395872616784,
    0.5140038910358559,
    0.7590783885739338
  ]
}