{
  "scene_index": 24,
  "scene_name": "scene_024",
  "fs": 48000,
  "layout": "mic_8",
  "num_mics": 8,
  "rt60_sec": 0.3,
  "snr_db": 20.0,
  "source_mode": "probe",
  "source_ref": "generated_probe_signal",
  "true_source_position": [
    0.8290351733296961,
    0.31556485611060325,
    0.35
  ],
  "estimated_source_position": [
    0.7600000000000001,
    0.38000000000000006,
    0.35
  ],
  "localization_error_m": 0.09443380181221363,
  "peak_score": 0.5892523166525875,
  "absorption": 0.0700494894560237,
  "max_order_used": 12,
  "max_order_raw": 219,
  "true_ref_mic_index": 4,
  "est_ref_mic_index": 6,
  "true_relative_delays_samples": [
    65.31035459344692,
    3.984148328275119,
    9.879165754598269,
    60.666101027227384,
    0.0,
    71.2892880043533,
    16.115328658453816,
    20.959360566449128
  ],
  "est_relative_delays_samples": [
    55.22496898939771,
    1.1230186729727019,
    17.9745872538885,
    46.56873035495976,
    3.699900274449587,
    54.6790960753662,
    0.0,
    17.130393369790013
  ],
  "true_distances_m": [
    0.799402584633961,
    0.36117573569742084,
    0.4033005477230217,
    0.7662155226920173,
    0.33270567576828824,
    0.8421270462993962,
    0.4478631284734895,
    0.4824777731493726
  ],
  "est_distances_m": [
    0.7582216034906947,
    0.371618083521241,
    0.49203658400570177,
    0.6963655649154402,
    0.39003204996512786,
    0.7543208866258445,
    0.3635931792539569,
    0.4860041152089147
  ]
}