{
  "scene_index": 94,
  "scene_name": "scene_094",
  "fs": 48000,
  "layout": "mic_8",
  "num_mics": 8,
  "rt60_sec": 0.3,
  "snr_db": 20.0,
  "source_mode": "probe",
  "source_ref": "generated_probe_signal",
  "true_source_position": [
    0.9282355676353539,
    0.167091965602842,
    0.35
  ],
  "estimated_source_position": [
    0.9400000000000002,
    0.2,
    0.35
  ],
  "localization_error_m": 0.03494768371075359,
  "peak_score": 0.591284693243967,
  "absorption": 0.0700494894560237,
  "max_order_used": 12,
  "max_order_raw": 219,
  "true_ref_mic_index": 2,
  "est_ref_mic_index": 2,
  "true_relative_delays_samples": [
    84.97504756445724,
    15.768026933301377,
    0.0,
    87.82199654802544,
    8.618292061739067,
    103.4010241855522,
    50.43847022699183,
    42.00621579607102
  ],
  "est_relative_delays_samples": [
    86.47605024568789,
    17.809476689012605,
    0.0,
    87.75773146191351,
    4.085967770873212,
    101.90758712730563,
    47.00881476889277,
    36.653207034160474
  ],
  "true_distances_m": [
    0.8657878427618615,
    0.3712460078350602,
    0.25857031537417746,
    0.8861316657069427,
    0.32015519406535453,
    0.9974568007001026,
    0.6189952172045565,
    0.558739732416935
  ],
  "est_distances_m": [
    0.8811923740024084,
    0.3905124837953329,
    0.26324893162176366,
    0.8903510543600206,
    0.29244657631779514,
    0.9914635646356351,
    0.5991660871578098,
    0.5251666402200353
  ]
}