{
  "scene_index": 48,
  "scene_name": "scene_048",
  "fs": 48000,
  "layout": "mic_8",
  "num_mics": 8,
  "rt60_sec": 0.3,
  "snr_db": 20.0,
  "source_mode": "probe",
  "source_ref": "generated_probe_signal",
  "true_source_position": [
    0.16757260084106418,
    0.47072745424987256,
    0.35
  ],
  "estimated_source_position": [
    0.16000000000000003,
    0.52,
    0.35
  ],
  "localization_error_m": 0.04985105864669766,
  "peak_score": 0.516497502979525,
  "absorption": 0.0700494894560237,
  "max_order_used": 12,
  "max_order_raw": 219,
  "true_ref_mic_index": 3,
  "est_ref_mic_index": 3,
  "true_relative_delays_samples": [
    32.084371738470026,
    56.46279489304028,
    117.83159733157574,
    0.0,
    107.83664983197022,
    9.239046199968703,
    42.105322662757715,
    110.0248948731243
  ],
  "est_relative_delays_samples": [
    34.74192796097309,
    58.30517884788344,
    117.99759925297282,
    0.0,
    106.21136701140443,
    0.45854011802440137,
    37.08846086872292,
    106.31638205603169
  ],
  "true_distances_m": [
    0.427594321667927,
    0.6017984704599604,
    1.040329704551995,
    0.19832474862010996,
    0.9689074755443972,
    0.264345432924053,
    0.49920236681439945,
    0.9845443099009773
  ],
  "est_distances_m": [
    0.47169905660283024,
    0.6400781202322104,
    1.066630207710245,
    0.22343902971504334,
    0.9824077564840376,
    0.2267156809750927,
    0.4884669896727925,
    0.9831581764904365
  ]
}