{
  "scene_index": 44,
  "scene_name": "scene_044",
  "fs": 48000,
  "layout": "mic_8",
  "num_mics": 8,
  "rt60_sec": 0.3,
  "snr_db": 20.0,
  "source_mode": "probe",
  "source_ref": "generated_probe_signal",
  "true_source_position": [
    0.29679165797752727,
    0.29899307665600083,
    0.35
  ],
  "estimated_source_position": [
    0.30000000000000004,
    0.36000000000000004,
    0.35
  ],
  "localization_error_m": 0.061091228130016835,
  "peak_score": 0.5590884934263094,
  "absorption": 0.0700494894560237,
  "max_order_used": 12,
  "max_order_raw": 219,
  "true_ref_mic_index": 3,
  "est_ref_mic_index": 3,
  "true_relative_delays_samples": [
    9.565752894258098,
    17.998789455476643,
    82.6468929140963,
    0.0,
    79.18511009134706,
    25.296903515156114,
    31.866541190443343,
    89.69701478306779
  ],
  "est_relative_delays_samples": [
    16.751142810310164,
    23.822041530567137,
    85.7397650147144,
    0.0,
    79.35377627224703,
    19.866630125549985,
    26.593788847329808,
    87.14016569737252
  ],
  "true_distances_m": [
    0.34271940504136356,
    0.40298047880173776,
    0.8649450514331241,
    0.2743641291511442,
    0.8402077283455617,
    0.455131585519864,
    0.502077121407854,
    0.9153240472884828
  ],
  "est_distances_m": [
    0.3863935817272332,
    0.4369210454990695,
    0.8793747778962051,
    0.2666927070618918,
    0.8337415666739905,
    0.40865633483405106,
    0.4567274898667694,
    0.8893818077743664
  ]
}