{
  "scene_index": 95,
  "scene_name": "scene_095",
  "fs": 48000,
  "layout": "mic_8",
  "num_mics": 8,
  "rt60_sec": 0.3,
  "snr_db": 20.0,
  "source_mode": "probe",
  "source_ref": "generated_probe_signal",
  "true_source_position": [
    0.7695536178615187,
    0.5146114656392992,
    0.35
  ],
  "estimated_source_position": [
    0.7800000000000001,
    0.52,
    0.35
  ],
  "localization_error_m": 0.011754284424823092,
  "peak_score": 0.598391778387007,
  "absorption": 0.0700494894560237,
  "max_order_used": 12,
  "max_order_raw": 219,
  "true_ref_mic_index": 6,
  "est_ref_mic_index": 6,
  "true_relative_delays_samples": [
    77.5553038367685,
    30.151354447102168,
    42.47516250984123,
    62.24298690711264,
    18.385664998311306,
    62.69468399390614,
    0.0,
    19.18227780732387
  ],
  "est_relative_delays_samples": [
    78.65968673730018,
    30.827641519726104,
    41.664205593153014,
    63.28434778548434,
    16.8904297148771,
    63.42554687601425,
    0.0,
    17.14855883270992
  ],
  "true_distances_m": [
    0.828777001352625,
    0.490036279672301,
    0.5781001581206239,
    0.7193577366261258,
    0.405960623819483,
    0.7225854887255044,
    0.2745797260190501,
    0.4116530861838853
  ],
  "est_distances_m": [
    0.8402975663418288,
    0.49849774322458074,
    0.5759340239992772,
    0.7304279567486449,
    0.3989047505357639,
    0.7314369419163899,
    0.2782085548648713,
    0.4007492981902776
  ]
}