{
  "scene_index": 99,
  "scene_name": "scene_099",
  "fs": 48000,
  "layout": "mic_8",
  "num_mics": 8,
  "rt60_sec": 0.3,
  "snr_db": 20.0,
  "source_mode": "probe",
  "source_ref": "generated_probe_signal",
  "true_source_position": [
    0.5842912899365669,
    0.20766603693601715,
    0.35
  ],
  "estimated_source_position": [
    0.6000000000000001,
    0.22000000000000003,
    0.35
  ],
  "localization_error_m": 0.01997223614722953,
  "peak_score": 0.628121412969188,
  "absorption": 0.0700494894560237,
  "max_order_used": 12,
  "max_order_raw": 219,
  "true_ref_mic_index": 1,
  "est_ref_mic_index": 1,
  "true_relative_delays_samples": [
    48.11135906469076,
    0.0,
    52.222671192064126,
    49.608950564158434,
    53.64456238365666,
    70.3630402070707,
    40.40299360216026,
    73.57460345327381
  ],
  "est_relative_delays_samples": [
    49.51614914352638,
    0.0,
    49.51614914352638,
    50.068069081808716,
    50.068069081808694,
    69.78384544427462,
    37.66653813249096,
    69.78384544427462
  ],
  "true_distances_m": [
    0.5413947931896234,
    0.1975990398731874,
    0.5707735444331457,
    0.5520963324462362,
    0.5809341419064006,
    0.7004015980195468,
    0.48631209832195754,
    0.7233508937163732
  ],
  "est_distances_m": [
    0.5590169943749476,
    0.20518284528683195,
    0.5590169943749475,
    0.5629609222672567,
    0.5629609222672566,
    0.7038465741907111,
    0.47434164902525694,
    0.7038465741907111
  ]
}