{
  "scene_index": 67,
  "scene_name": "scene_067",
  "fs": 48000,
  "layout": "mic_8",
  "num_mics": 8,
  "rt60_sec": 0.3,
  "snr_db": 20.0,
  "source_mode": "probe",
  "source_ref": "generated_probe_signal",
  "true_source_position": [
    0.38489015316974945,
    0.6614806442145023,
    0.35
  ],
  "estimated_source_position": [
    0.38000000000000006,
    0.66,
    0.35
  ],
  "localization_error_m": 0.0051093938303431756,
  "peak_score": 0.601695678907626,
  "absorption": 0.0700494894560237,
  "max_order_used": 12,
  "max_order_raw": 219,
  "true_ref_mic_index": 6,
  "est_ref_mic_index": 6,
  "true_relative_delays_samples": [
    57.5298657640275,
    52.54780833325972,
    96.11622195596385,
    25.47772236679902,
    75.66781245208249,
    10.847570178567375,
    0.0,
    68.28077061630117
  ],
  "est_relative_delays_samples": [
    56.47231460438702,
    52.022252156483205,
    95.95027643922985,
    24.305600556615996,
    75.65091564552644,
    9.670108383220876,
    0.0,
    68.38357549947008
  ],
  "true_distances_m": [
    0.6734818075464146,
    0.6378808554890533,
    0.9492134778346265,
    0.4444425328537195,
    0.8030925515881409,
    0.3398979036753142,
    0.26238297510763486,
    0.7503059818032869
  ],
  "est_distances_m": [
    0.6700000000000002,
    0.638200595424354,
    0.9521029356114811,
    0.4401420225336363,
    0.8070470866064755,
    0.3355592347112504,
    0.2664582518894845,
    0.7551158851461145
  ]
}