{
  "scene_index": 81,
  "scene_name": "scene_081",
  "fs": 48000,
  "layout": "mic_8",
  "num_mics": 8,
  "rt60_sec": 0.3,
  "snr_db": 20.0,
  "source_mode": "probe",
  "source_ref": "generated_probe_signal",
  "true_source_position": [
    0.7584809290110076,
    0.14634609838966012,
    0.35
  ],
  "estimated_source_position": [
    0.6200000000000001,
    0.52,
    0.35
  ],
  "localization_error_m": 0.39848990688395264,
  "peak_score": 0.5513700161116896,
  "absorption": 0.0700494894560237,
  "max_order_used": 12,
  "max_order_raw": 219,
  "true_ref_mic_index": 1,
  "est_ref_mic_index": 6,
  "true_relative_delays_samples": [
    65.76558513921073,
    0.0,
    23.637743910805774,
    70.45276248374316,
    31.518081002414867,
    89.84417572479335,
    47.47182014966208,
    59.57192119395278
  ],
  "est_relative_delays_samples": [
    69.8949891871231,
    35.29649176984002,
    65.72255300589708,
    51.194457529311265,
    45.99977393436083,
    51.37254306441327,
    0.0,
    46.19003153819974
  ],
  "true_distances_m": [
    0.6980244808050577,
    0.22807457033111453,
    0.3969859486937474,
    0.7315182689128625,
    0.45329752416087077,
    0.8700860760312003,
    0.5673002851505748,
    0.6537655905295687
  ],
  "est_distances_m": [
    0.7125307010929425,
    0.46529560496527367,
    0.6827151675479314,
    0.5788998186214953,
    0.5417794754325786,
    0.5801723881744116,
    0.2130727575266252,
    0.5431390245600108
  ]
}