{
  "scene_index": 88,
  "scene_name": "scene_088",
  "fs": 48000,
  "layout": "mic_8",
  "num_mics": 8,
  "rt60_sec": 0.3,
  "snr_db": 20.0,
  "source_mode": "probe",
  "source_ref": "generated_probe_signal",
  "true_source_position": [
    0.9316801919185372,
    0.21963294411112566,
    0.35
  ],
  "estimated_source_position": [
    0.8600000000000001,
    0.24000000000000005,
    0.35
  ],
  "localization_error_m": 0.07451756087700973,
  "peak_score": 0.49559884123160397,
  "absorption": 0.0700494894560237,
  "max_order_used": 12,
  "max_order_raw": 219,
  "true_ref_mic_index": 2,
  "est_ref_mic_index": 4,
  "true_relative_delays_samples": [
    83.63887168477461,
    15.612457338489095,
    0.0,
    84.00906410833312,
    1.1499356119647457,
    97.49929440249564,
    42.08997944607505,
    32.51703593035246
  ],
  "est_relative_delays_samples": [
    67.32864015974891,
    1.5420723802568783,
    1.5420723802568679,
    66.68995526107527,
    0.0,
    80.33896300261564,
    27.327364095873442,
    27.327364095873442
  ],
  "true_distances_m": [
    0.8759888745797729,
    0.389883455396941,
    0.278319437332321,
    0.8786342079397848,
    0.28653668555948575,
    0.9750331452501545,
    0.579087415457399,
    0.5106807565846313
  ],
  "est_distances_m": [
    0.810246875958186,
    0.3401470270338991,
    0.340147027033899,
    0.8056829401197472,
    0.3291276348166468,
    0.903216474606171,
    0.5244044240850758,
    0.5244044240850758
  ]
}