{
  "scene_index": 66,
  "scene_name": "scene_066",
  "fs": 48000,
  "layout": "mic_8",
  "num_mics": 8,
  "rt60_sec": 0.3,
  "snr_db": 20.0,
  "source_mode": "probe",
  "source_ref": "generated_probe_signal",
  "true_source_position": [
    0.4298590093224928,
    0.6432417955649078,
    0.35
  ],
  "estimated_source_position": [
    0.4200000000000001,
    0.66,
    0.35
  ],
  "localization_error_m": 0.01944318597116593,
  "peak_score": 0.5930925553234732,
  "absorption": 0.0700494894560237,
  "max_order_used": 12,
  "max_order_raw": 219,
  "true_ref_mic_index": 6,
  "est_ref_mic_index": 6,
  "true_relative_delays_samples": [
    63.17197980573779,
    53.01041425870934,
    94.45402968622071,
    33.20572950315137,
    73.76109845422464,
    21.439638209542498,
    0.0,
    66.94339256453644
  ],
  "est_relative_delays_samples": [
    63.578143344225246,
    54.71985710976071,
    96.11711801980063,
    32.71846289852685,
    75.01080910559644,
    19.20445265319895,
    0.0,
    67.37354236206346
  ],
  "true_distances_m": [
    0.6798107432773459,
    0.6071978894725384,
    0.9033470580482967,
    0.4656769129901137,
    0.7554788202863247,
    0.3815983856212003,
    0.22839430424884455,
    0.7067606302829279
  ],
  "est_distances_m": [
    0.688839603971781,
    0.6255397669213365,
    0.9213576938409967,
    0.4683214707868945,
    0.770535528058246,
    0.3717526059088222,
    0.2345207879911714,
    0.7159608927867499
  ]
}