{
  "scene_index": 32,
  "scene_name": "scene_032",
  "fs": 48000,
  "layout": "mic_8",
  "num_mics": 8,
  "rt60_sec": 0.3,
  "snr_db": 20.0,
  "source_mode": "probe",
  "source_ref": "generated_probe_signal",
  "true_source_position": [
    0.9337649621140129,
    0.5695258338676922,
    0.35
  ],
  "estimated_source_position": [
    0.8800000000000001,
    0.52,
    0.35
  ],
  "localization_error_m": 0.07309910650214185,
  "peak_score": 0.534816181560006,
  "absorption": 0.0700494894560237,
  "max_order_used": 12,
  "max_order_raw": 219,
  "true_ref_mic_index": 7,
  "est_ref_mic_index": 4,
  "true_relative_delays_samples": [
    103.01582742566973,
    49.23060224917074,
    39.94354564259714,
    88.0259981858189,
    6.84009850906177,
    85.82121910667537,
    16.804823856063233,
    0.0
  ],
  "est_relative_delays_samples": [
    84.98031236975523,
    31.441675063619634,
    28.710700696159943,
    71.19591397043997,
    0.0,
    71.32068042530878,
    4.657509842357892,
    0.3233737942086139
  ],
  "true_distances_m": [
    0.9955150187502956,
    0.6111747638432299,
    0.5448110051754227,
    0.888400197307195,
    0.3082592892003679,
    0.8726452134708151,
    0.37946555574248253,
    0.25938108527103065
  ],
  "est_distances_m": [
    0.9252567211320327,
    0.5426785420486056,
    0.5231634543811332,
    0.8267557075702593,
    0.31800157232315696,
    0.8276472678623426,
    0.35128336140500604,
    0.32031234756093935
  ]
}