{
  "scene_index": 40,
  "scene_name": "scene_040",
  "fs": 48000,
  "layout": "mic_8",
  "num_mics": 8,
  "rt60_sec": 0.3,
  "snr_db": 20.0,
  "source_mode": "probe",
  "source_ref": "generated_probe_signal",
  "true_source_position": [
    0.774674676202479,
    0.2021938862293053,
    0.35
  ],
  "estimated_source_position": [
    0.7000000000000001,
    0.2,
    0.35
  ],
  "localization_error_m": 0.07470689662094261,
  "peak_score": 0.5763737941689631,
  "absorption": 0.0700494894560237,
  "max_order_used": 12,
  "max_order_raw": 219,
  "true_ref_mic_index": 1,
  "est_ref_mic_index": 1,
  "true_relative_delays_samples": [
    64.4368809664964,
    0.0,
    18.91611750432261,
    65.87537069630416,
    21.49535603895415,
    82.58997948893557,
    36.48811970795222,
    47.557120314008955
  ],
  "est_relative_delays_samples": [
    60.526487010353875,
    0.0,
    34.324905134433926,
    62.25902937974401,
    36.73799599365287,
    80.57481982104281,
    40.138697096543666,
    60.3646418434881
  ],
  "true_distances_m": [
    0.7211132030332266,
    0.2606579911268045,
    0.3958294141264431,
    0.7313924108941446,
    0.41426022282183106,
    0.8508322195581566,
    0.5213960132065464,
    0.6004932467039934
  ],
  "est_distances_m": [
    0.649076266705231,
    0.21656407827707722,
    0.46184412955021964,
    0.6614567257198313,
    0.47908767464838836,
    0.7923383115816123,
    0.5033885179461288,
    0.6479197481170026
  ]
}