{
  "scene_index": 56,
  "scene_name": "scene_056",
  "fs": 48000,
  "layout": "mic_8",
  "num_mics": 8,
  "rt60_sec": 0.3,
  "snr_db": 20.0,
  "source_mode": "probe",
  "source_ref": "generated_probe_signal",
  "true_source_position": [
    1.0152188724782776,
    0.21525807158977556,
    0.35
  ],
  "estimated_source_position": [
    1.0600000000000003,
    0.22000000000000003,
    0.35
  ],
  "localization_error_m": 0.04503149194912916,
  "peak_score": 0.5741381505155038,
  "absorption": 0.0700494894560237,
  "max_order_used": 12,
  "max_order_raw": 219,
  "true_ref_mic_index": 2,
  "est_ref_mic_index": 2,
  "true_relative_delays_samples": [
    102.0513513627045,
    32.774175898063916,
    0.0,
    102.57852355386079,
    2.1485886800318243,
    115.19153463424858,
    56.85229441800084,
    36.75345942689192
  ],
  "est_relative_delays_samples": [
    110.20039227438649,
    40.570611374582185,
    0.0,
    110.50928647682086,
    1.4148872547724671,
    122.44690568014711,
    62.55135508379508,
    36.9929898893468
  ],
  "true_distances_m": [
    0.956780583712758,
    0.46173743403834716,
    0.2275386354334321,
    0.9605476683287291,
    0.2428920920428262,
    1.0506781433406667,
    0.6337956559620631,
    0.4901727309214306
  ],
  "est_distances_m": [
    1.0012492197250396,
    0.5036864103785214,
    0.21377558326431947,
    1.0034565262132686,
    0.22388613177238106,
    1.0887607634370373,
    0.6607571414672718,
    0.47812132351527686
  ]
}