{
  "scene_index": 8,
  "scene_name": "scene_008",
  "fs": 48000,
  "layout": "mic_8",
  "num_mics": 8,
  "rt60_sec": 0.3,
  "snr_db": 20.0,
  "source_mode": "probe",
  "source_ref": "generated_probe_signal",
  "true_source_position": [
    0.7758112953362737,
    0.43147735775749413,
    0.35
  ],
  "estimated_source_position": [
    0.8000000000000002,
    0.4200000000000001,
    0.35
  ],
  "localization_error_m": 0.026773553637918352,
  "peak_score": 0.5679999250173194,
  "absorption": 0.0700494894560237,
  "max_order_used": 12,
  "max_order_raw": 219,
  "true_ref_mic_index": 6,
  "est_ref_mic_index": 6,
  "true_relative_delays_samples": [
    64.61477772589927,
    12.389175819664635,
    25.494482769064433,
    53.44576114181484,
    6.655596176037853,
    58.576630091908186,
    0.0,
    15.770715208094472
  ],
  "est_relative_delays_samples": [
    63.91045859334049,
    9.581187124465561,
    19.15166453405882,
    53.636998930234576,
    0.37951626167193053,
    59.22820322018861,
    0.0,
    11.103509156150666
  ],
  "true_distances_m": [
    0.7938448788861289,
    0.42064943193116044,
    0.5142977711737465,
    0.7140329478790255,
    0.37967822739441076,
    0.7506972822515675,
    0.3321184463864736,
    0.444813348810982
  ],
  "est_distances_m": [
    0.8102468759581861,
    0.42201895692018404,
    0.4904079934095692,
    0.7368344454489084,
    0.3562653505464712,
    0.7767882594375383,
    0.35355339059327384,
    0.4328972164382672
  ]
}