{
  "scene_index": 61,
  "scene_name": "scene_061",
  "fs": 48000,
  "layout": "mic_8",
  "num_mics": 8,
  "rt60_sec": 0.3,
  "snr_db": 20.0,
  "source_mode": "probe",
  "source_ref": "generated_probe_signal",
  "true_source_position": [
    1.0593068139034127,
    0.14010869007188523,
    0.35
  ],
  "estimated_source_position": [
    1.0600000000000003,
    0.14,
    0.35
  ],
  "localization_error_m": 0.0007016555395838237,
  "peak_score": 0.5120777322711221,
  "absorption": 0.0700494894560237,
  "max_order_used": 12,
  "max_order_raw": 219,
  "true_ref_mic_index": 2,
  "est_ref_mic_index": 2,
  "true_relative_delays_samples": [
    114.74273135970316,
    43.98186116900847,
    0.0,
    118.33121531569176,
    15.759570277386956,
    133.07277159235954,
    76.19731297135614,
    53.3779718174331
  ],
  "est_relative_delays_samples": [
    114.876760481013,
    44.110739172079164,
    0.0,
    118.46726263131445,
    15.79081122833956,
    133.2037388055313,
    76.30994173633476,
    53.42119104722967
  ],
  "true_distances_m": [
    0.9925496916425955,
    0.4869043067382565,
    0.17261725713471682,
    1.0181923999114308,
    0.28523251974187774,
    1.1235331041384526,
    0.7171105560758659,
    0.5540473474134575
  ],
  "est_distances_m": [
    0.9932270636667129,
    0.4875448697299565,
    0.1723368793961408,
    1.018884193615742,
    0.28517538463198394,
    1.124188596277333,
    0.7176350047203663,
    0.5540758070878028
  ]
}