{
  "scene_index": 71,
  "scene_name": "scene_071",
  "fs": 48000,
  "layout": "mic_8",
  "num_mics": 8,
  "rt60_sec": 0.3,
  "snr_db": 20.0,
  "source_mode": "probe",
  "source_ref": "generated_probe_signal",
  "true_source_position": [
    0.31792073902021023,
    0.1637701560498417,
    0.35
  ],
  "estimated_source_position": [
    0.3400000000000001,
    0.24000000000000005,
    0.35
  ],
  "localization_error_m": 0.07936298176151879,
  "peak_score": 0.5379453841142549,
  "absorption": 0.0700494894560237,
  "max_order_used": 12,
  "max_order_raw": 219,
  "true_ref_mic_index": 0,
  "est_ref_mic_index": 3,
  "true_relative_delays_samples": [
    0.0,
    5.151742980601178,
    73.72198987910807,
    8.155278536832592,
    76.88579168246206,
    39.97395515911828,
    42.702429032919966,
    93.31197886300635
  ],
  "est_relative_delays_samples": [
    1.5420723802568679,
    1.5420723802568574,
    67.32864015974891,
    0.0,
    66.68995526107524,
    27.327364095873442,
    27.32736409587343,
    80.33896300261564
  ],
  "true_distances_m": [
    0.2934684260709111,
    0.330281922786457,
    0.820273478748704,
    0.35174468728202735,
    0.8428814791351712,
    0.5791156473121105,
    0.5986128668686517,
    0.9602602750294773
  ],
  "est_distances_m": [
    0.34014702703389904,
    0.34014702703389893,
    0.810246875958186,
    0.3291276348166468,
    0.8056829401197471,
    0.5244044240850758,
    0.5244044240850757,
    0.903216474606171
  ]
}