{
  "scene_index": 13,
  "scene_name": "scene_013",
  "fs": 48000,
  "layout": "mic_8",
  "num_mics": 8,
  "rt60_sec": 0.3,
  "snr_db": 20.0,
  "source_mode": "probe",
  "source_ref": "generated_probe_signal",
  "true_source_position": [
    1.0765118606518027,
    0.6498257507486167,
    0.35
  ],
  "estimated_source_position": [
    1.1000000000000003,
    0.66,
    0.35
  ],
  "localization_error_m": 0.025597031817568665,
  "peak_score": 0.563330024783708,
  "absorption": 0.0700494894560237,
  "max_order_used": 12,
  "max_order_raw": 219,
  "true_ref_mic_index": 7,
  "est_ref_mic_index": 7,
  "true_relative_delays_samples": [
    139.97131260982755,
    84.01094392791826,
    60.64598344178525,
    124.13753094578927,
    22.19858646905276,
    119.01556922704478,
    47.92947657930742,
    0.0
  ],
  "est_relative_delays_samples": [
    144.31663301667524,
    87.97615460500695,
    62.66013396312033,
    128.46371269216,
    23.93374420397248,
    123.05932192954347,
    51.84190186456915,
    0.0
  ],
  "true_distances_m": [
    1.1576861727756544,
    0.7578027049028445,
    0.590840591429019,
    1.0445406079680477,
    0.3161019005613681,
    1.007939923186186,
    0.49997055280756286,
    0.15747450141792857
  ],
  "est_distances_m": [
    1.182920115646023,
    0.7803204469959765,
    0.5994163828258284,
    1.0696377891604243,
    0.3226840560052511,
    1.0310189135025605,
    0.5221110992882648,
    0.15165750888103102
  ]
}