{
  "scene_index": 15,
  "scene_name": "scene_015",
  "fs": 48000,
  "layout": "mic_8",
  "num_mics": 8,
  "rt60_sec": 0.3,
  "snr_db": 20.0,
  "source_mode": "probe",
  "source_ref": "generated_probe_signal",
  "true_source_position": [
    0.15237498129049792,
    0.5641726448276653,
    0.35
  ],
  "estimated_source_position": [
    0.14,
    0.5000000000000001,
    0.35
  ],
  "localization_error_m": 0.06535494247658576,
  "peak_score": 0.536428100766909,
  "absorption": 0.0700494894560237,
  "max_order_used": 12,
  "max_order_raw": 219,
  "true_ref_mic_index": 5,
  "est_ref_mic_index": 3,
  "true_relative_delays_samples": [
    44.038368283547214,
    67.01907398794569,
    125.25070515285064,
    7.65683755175223,
    111.94810702806608,
    0.0,
    40.09039435821273,
    110.21227134934261
  ],
  "est_relative_delays_samples": [
    34.38829404200746,
    61.075557834752026,
    122.09086368097518,
    0.0,
    111.2529789884039,
    4.23376874631133,
    43.18156604643755,
    112.17945862813441
  ],
  "true_distances_m": [
    0.512016882452343,
    0.6762331752983571,
    1.0923467063309071,
    0.2520405274313913,
    0.997288557230884,
    0.19732604242616184,
    0.483805318777557,
    0.9848845647766726
  ],
  "est_distances_m": [
    0.45000000000000007,
    0.6407027391856539,
    1.0767079455451234,
    0.20426698215815506,
    0.9992622278461245,
    0.23452078799117143,
    0.5128352561983234,
    1.0058826969383656
  ]
}