{
  "scene_index": 97,
  "scene_name": "scene_097",
  "fs": 48000,
  "layout": "mic_8",
  "num_mics": 8,
  "rt60_sec": 0.3,
  "snr_db": 20.0,
  "source_mode": "probe",
  "source_ref": "generated_probe_signal",
  "true_source_position": [
    0.5725386666985035,
    0.13514152959914322,
    0.35
  ],
  "estimated_source_position": [
    0.6000000000000001,
    0.16000000000000003,
    0.35
  ],
  "localization_error_m": 0.03704144135108891,
  "peak_score": 0.5723145195969883,
  "absorption": 0.0700494894560237,
  "max_order_used": 12,
  "max_order_raw": 219,
  "true_ref_mic_index": 1,
  "est_ref_mic_index": 1,
  "true_relative_delays_samples": [
    49.771804272108575,
    0.0,
    57.11782159765134,
    56.79473176446572,
    63.54456854151448,
    81.20122177592306,
    55.13925499458979,
    86.45197875884558
  ],
  "est_relative_delays_samples": [
    52.76965709578038,
    0.0,
    52.76965709578036,
    57.7041725693565,
    57.7041725693565,
    80.27610929956315,
    50.603104988932536,
    80.27610929956313
  ],
  "true_distances_m": [
    0.5178174644405814,
    0.16215644641280552,
    0.570310879912689,
    0.5680021338130502,
    0.6162353424490444,
    0.7424068436865892,
    0.5561723727283118,
    0.7799278779603896
  ],
  "est_distances_m": [
    0.5470831746635973,
    0.17000000000000004,
    0.5470831746635972,
    0.5823443998185268,
    0.5823443998185267,
    0.7436396977031284,
    0.5316013544000805,
    0.7436396977031282
  ]
}