{
  "scene_index": 25,
  "scene_name": "scene_025",
  "fs": 48000,
  "layout": "mic_8",
  "num_mics": 8,
  "rt60_sec": 0.3,
  "snr_db": 20.0,
  "source_mode": "probe",
  "source_ref": "generated_probe_signal",
  "true_source_position": [
    0.8171796188783981,
    0.5927031427487154,
    0.35
  ],
  "estimated_source_position": [
    0.7800000000000001,
    0.66,
    0.35
  ],
  "localization_error_m": 0.07688427053593412,
  "peak_score": 0.5550604303050721,
  "absorption": 0.0700494894560237,
  "max_order_used": 12,
  "max_order_raw": 219,
  "true_ref_mic_index": 6,
  "est_ref_mic_index": 6,
  "true_relative_delays_samples": [
    88.91238364051993,
    42.2099006658085,
    47.44378933246504,
    71.10750261563344,
    17.766728590226762,
    67.34216081351278,
    0.0,
    10.024319246580765
  ],
  "est_relative_delays_samples": [
    96.11711801980063,
    54.7198571097607,
    63.57814334422522,
    75.01080910559645,
    32.71846289852681,
    67.37354236206347,
    0.0,
    19.2044526531989
  ],
  "true_distances_m": [
    0.9103836021557671,
    0.5766554425656416,
    0.6140559386627915,
    0.783152889832099,
    0.4019886087755471,
    0.7562463848711117,
    0.2750305273912184,
    0.34666264200741015
  ],
  "est_distances_m": [
    0.921357693840997,
    0.6255397669213366,
    0.688839603971781,
    0.7705355280582462,
    0.4683214707868944,
    0.7159608927867501,
    0.23452078799117163,
    0.3717526059088221
  ]
}