{
  "scene_index": 17,
  "scene_name": "scene_017",
  "fs": 48000,
  "layout": "mic_8",
  "num_mics": 8,
  "rt60_sec": 0.3,
  "snr_db": 20.0,
  "source_mode": "probe",
  "source_ref": "generated_probe_signal",
  "true_source_position": [
    0.9462387687825995,
    0.626562887763348,
    0.35
  ],
  "estimated_source_position": [
    0.8800000000000001,
    0.5800000000000001,
    0.35
  ],
  "localization_error_m": 0.08096713534945398,
  "peak_score": 0.5121531860361761,
  "absorption": 0.0700494894560237,
  "max_order_used": 12,
  "max_order_raw": 219,
  "true_ref_mic_index": 7,
  "est_ref_mic_index": 7,
  "true_relative_delays_samples": [
    112.17142962265923,
    60.250460348089454,
    50.265254200759614,
    95.27107150866972,
    14.964056413861519,
    90.48341170054243,
    20.459933556824737,
    0.0
  ],
  "est_relative_delays_samples": [
    92.1185507585479,
    41.336435781193565,
    38.84199866457085,
    75.90087842023652,
    7.344003778674911,
    73.03792728693827,
    4.641394605625711,
    0.0
  ],
  "true_distances_m": [
    1.0351814308720013,
    0.6641628379308049,
    0.5928102190030105,
    0.9144142885157848,
    0.34055374315080106,
    0.8802024694702085,
    0.37982636523489244,
    0.233623090026749
  ],
  "est_distances_m": [
    0.9552486587271402,
    0.5923681287847956,
    0.5745432968889291,
    0.8393598751429568,
    0.3494638751001311,
    0.8189017035029297,
    0.3301514803843837,
    0.29698484809834996
  ]
}