{
  "scene_index": 34,
  "scene_name": "scene_034",
  "fs": 48000,
  "layout": "mic_8",
  "num_mics": 8,
  "rt60_sec": 0.3,
  "snr_db": 20.0,
  "source_mode": "probe",
  "source_ref": "generated_probe_signal",
  "true_source_position": [
    0.7723456543035272,
    0.3939240254289402,
    0.35
  ],
  "estimated_source_position": [
    0.8000000000000002,
    0.38000000000000006,
    0.35
  ],
  "localization_error_m": 0.03096193340290307,
  "peak_score": 0.5355357602822163,
  "absorption": 0.0700494894560237,
  "max_order_used": 12,
  "max_order_raw": 219,
  "true_ref_mic_index": 6,
  "est_ref_mic_index": 4,
  "true_relative_delays_samples": [
    58.28433910036584,
    4.1854259533915075,
    18.680343993138916,
    49.02191499267738,
    2.903466240875705,
    56.248744292794655,
    0.0,
    15.426684115022757
  ],
  "est_relative_delays_samples": [
    61.69257082649637,
    5.186963284046331,
    15.411186584053914,
    53.46174614454814,
    0.0,
    61.17160672382645,
    4.119391587654519,
    14.514454021935387
  ],
  "true_distances_m": [
    0.7748488877029437,
    0.38826707084018963,
    0.49184533933255137,
    0.7086611487667532,
    0.37910640039450383,
    0.7603028664738413,
    0.3583587145482462,
    0.4685952281201796
  ],
  "est_distances_m": [
    0.7942921376924238,
    0.3905124837953328,
    0.46357307945997034,
    0.7354760363193353,
    0.3534473086614184,
    0.790569415042095,
    0.382883794381533,
    0.45716517802649836
  ]
}