{
  "scene_index": 77,
  "scene_name": "scene_077",
  "fs": 48000,
  "layout": "mic_8",
  "num_mics": 8,
  "rt60_sec": 0.3,
  "snr_db": 20.0,
  "source_mode": "probe",
  "source_ref": "generated_probe_signal",
  "true_source_position": [
    0.7694505162034925,
    0.2666295090633733,
    0.35
  ],
  "estimated_source_position": [
    0.7000000000000001,
    0.3400000000000001,
    0.35
  ],
  "localization_error_m": 0.1010277345149004,
  "peak_score": 0.5330315149271347,
  "absorption": 0.0700494894560237,
  "max_order_used": 12,
  "max_order_raw": 219,
  "true_ref_mic_index": 1,
  "est_ref_mic_index": 1,
  "true_relative_delays_samples": [
    61.08616566969631,
    0.0,
    18.35829493000964,
    58.84833412104342,
    14.422736776371023,
    72.6870389086364,
    23.67582953608216,
    36.62670353047706
  ],
  "est_relative_delays_samples": [
    52.12180948067454,
    0.0,
    27.96742244774131,
    45.12570634186417,
    18.327811665676144,
    56.22945788192066,
    8.346972335599165,
    33.36369724213369
  ],
  "true_distances_m": [
    0.7298442216983689,
    0.2933326628503307,
    0.4245179787043579,
    0.7138530504236202,
    0.3963951360648153,
    0.8127421283849617,
    0.46251619474358446,
    0.5550609818285314
  ],
  "est_distances_m": [
    0.6888396039717811,
    0.3163858403911276,
    0.5162363799656123,
    0.638846616959032,
    0.4473533279187717,
    0.718192174839019,
    0.3760319135392633,
    0.5547972602672079
  ]
}