{
  "scene_index": 28,
  "scene_name": "scene_028",
  "fs": 48000,
  "layout": "mic_8",
  "num_mics": 8,
  "rt60_sec": 0.3,
  "snr_db": 20.0,
  "source_mode": "probe",
  "source_ref": "generated_probe_signal",
  "true_source_position": [
    0.1117841522041429,
    0.08256999170018413,
    0.35
  ],
  "estimated_source_position": [
    0.1,
    0.08,
    0.35
  ],
  "localization_error_m": 0.012061140099900216,
  "peak_score": 0.5302919070904386,
  "absorption": 0.0700494894560237,
  "max_order_used": 12,
  "max_order_raw": 219,
  "true_ref_mic_index": 0,
  "est_ref_mic_index": 0,
  "true_relative_delays_samples": [
    0.0,
    50.01429852006754,
    121.18451343975038,
    24.747030619675833,
    126.9382080829206,
    63.499856560351006,
    87.47226620501266,
    143.17635979111228
  ],
  "est_relative_delays_samples": [
    0.0,
    51.874686778959116,
    123.09872286537507,
    25.22056212214006,
    128.88883038670627,
    64.06114059140668,
    89.06648202612661,
    145.05344613798914
  ],
  "true_distances_m": [
    0.1533520041886481,
    0.5107458456966307,
    1.0193163398101976,
    0.3301901604917483,
    1.0604312827811848,
    0.6071113958594897,
    0.7784142397786344,
    1.1764664085293046
  ],
  "est_distances_m": [
    0.15132745950421558,
    0.5220153254455275,
    1.030970416646375,
    0.3315493930020081,
    1.0723455599758875,
    0.6090976933136425,
    0.7877816956492453,
    1.1878552100319297
  ]
}