{
  "scene_index": 85,
  "scene_name": "scene_085",
  "fs": 48000,
  "layout": "mic_8",
  "num_mics": 8,
  "rt60_sec": 0.3,
  "snr_db": 20.0,
  "source_mode": "probe",
  "source_ref": "generated_probe_signal",
  "true_source_position": [
    0.412867310045953,
    0.6218928308516266,
    0.35
  ],
  "estimated_source_position": [
    0.4400000000000001,
    0.66,
    0.35
  ],
  "localization_error_m": 0.04677968794942087,
  "peak_score": 0.5442316950918338,
  "absorption": 0.0700494894560237,
  "max_order_used": 12,
  "max_order_raw": 219,
  "true_ref_mic_index": 6,
  "est_ref_mic_index": 6,
  "true_relative_delays_samples": [
    57.20889356788327,
    48.697648976346315,
    92.19660258040106,
    27.447869772080896,
    72.6660122147686,
    17.304015700980425,
    0.0,
    67.15217293992953
  ],
  "est_relative_delays_samples": [
    67.08563492001319,
    56.05163697951232,
    96.09950560396496,
    36.87355544846235,
    74.5704212211252,
    23.87170146634942,
    0.0,
    66.73461409094408
  ],
  "true_distances_m": [
    0.6534129522940437,
    0.5925930169836859,
    0.9034292896126603,
    0.4407456364198726,
    0.763866945958245,
    0.3682593458701338,
    0.24460773367354452,
    0.7244659694734575
  ],
  "est_distances_m": [
    0.6989277502002623,
    0.6200806399170998,
    0.9062560344626677,
    0.48303726564313865,
    0.7524127856436252,
    0.3901281840626233,
    0.21954498400100142,
    0.6964194138592059
  ]
}