{
  "scene_index": 31,
  "scene_name": "scene_031",
  "fs": 48000,
  "layout": "mic_8",
  "num_mics": 8,
  "rt60_sec": 0.3,
  "snr_db": 20.0,
  "source_mode": "probe",
  "source_ref": "generated_probe_signal",
  "true_source_position": [
    0.928369224040052,
    0.1821971582308891,
    0.35
  ],
  "estimated_source_position": [
    0.8600000000000001,
    0.2,
    0.35
  ],
  "localization_error_m": 0.07064907622110005,
  "peak_score": 0.5331887418400789,
  "absorption": 0.0700494894560237,
  "max_order_used": 12,
  "max_order_raw": 219,
  "true_ref_mic_index": 2,
  "est_ref_mic_index": 2,
  "true_relative_delays_samples": [
    84.4721454197125,
    15.568478682954334,
    0.0,
    86.60905271075657,
    6.511706764300584,
    101.61124920726309,
    47.988070814263445,
    39.3505276012789
  ],
  "est_relative_delays_samples": [
    67.1777594637706,
    1.5612511283791264e-14,
    0.0,
    68.58224243055268,
    3.385250456948083,
    83.918206744184,
    32.8036117419086,
    32.8036117419086
  ],
  "true_distances_m": [
    0.867568210257147,
    0.37519409170072926,
    0.26394433777878473,
    0.8828381936077329,
    0.310475909032016,
    0.9900413894056855,
    0.6068590938057089,
    0.5451366495962569
  ],
  "est_distances_m": [
    0.8033056703397531,
    0.3232645975048924,
    0.3232645975048923,
    0.8133418715398834,
    0.3474550330618338,
    0.9229301165310405,
    0.5576737397439475,
    0.5576737397439475
  ]
}