{
  "scene_index": 0,
  "scene_name": "scene_000",
  "fs": 48000,
  "layout": "mic_8",
  "num_mics": 8,
  "rt60_sec": 0.3,
  "snr_db": 20.0,
  "source_mode": "probe",
  "source_ref": "generated_probe_signal",
  "true_source_position": [
    0.4691387305763557,
    0.645049200780388,
    0.35
  ],
  "estimated_source_position": [
    0.4800000000000001,
    0.66,
    0.35
  ],
  "localization_error_m": 0.018479544658842263,
  "peak_score": 0.5805470291242466,
  "absorption": 0.0700494894560237,
  "max_order_used": 12,
  "max_order_raw": 219,
  "true_ref_mic_index": 6,
  "est_ref_mic_index": 6,
  "true_relative_delays_samples": [
    70.20478754219924,
    55.762558291749045,
    94.35637114274913,
    41.45471559172831,
    72.74617695066576,
    30.3920492516355,
    0.0,
    65.46069656535006
  ],
  "est_relative_delays_samples": [
    73.88827492777145,
    58.58364653512187,
    95.76034665530189,
    44.94756158017525,
    73.34528548200939,
    32.8811715593306,
    0.0,
    65.08203231799847
  ],
  "true_distances_m": [
    0.7022887945404888,
    0.5990870313549801,
    0.8748719856860848,
    0.496845572061082,
    0.7204491396884891,
    0.4177936021725021,
    0.20061708356185678,
    0.6683883111017541
  ],
  "est_distances_m": [
    0.7203471385380802,
    0.6109828148156051,
    0.8766413177577247,
    0.5135416244083824,
    0.7164670264569054,
    0.42731721238443,
    0.1923538406167134,
    0.6574191965557441
  ]
}