{
  "scene_index": 19,
  "scene_name": "scene_019",
  "fs": 48000,
  "layout": "mic_8",
  "num_mics": 8,
  "rt60_sec": 0.3,
  "snr_db": 20.0,
  "source_mode": "probe",
  "source_ref": "generated_probe_signal",
  "true_source_position": [
    0.7277088503783629,
    0.4491843510379052,
    0.35
  ],
  "estimated_source_position": [
    0.7400000000000001,
    0.38000000000000006,
    0.35
  ],
  "localization_error_m": 0.07026767953730621,
  "peak_score": 0.6040951641208534,
  "absorption": 0.0700494894560237,
  "max_order_used": 12,
  "max_order_raw": 219,
  "true_ref_mic_index": 6,
  "est_ref_mic_index": 6,
  "true_relative_delays_samples": [
    65.01065321433633,
    17.147990074259294,
    36.84183777705834,
    52.20610376604994,
    18.272397950268612,
    56.626097237239016,
    0.0,
    24.990922467059963
  ],
  "est_relative_delays_samples": [
    53.89033712726089,
    1.1488154226602167,
    21.21608991706149,
    45.00565716628509,
    7.461434451106724,
    53.331207230354046,
    0.0,
    20.39686651359277
  ],
  "true_distances_m": [
    0.7604760613653395,
    0.41845744767687226,
    0.5591864010531238,
    0.6689768850994596,
    0.4264922789575222,
    0.7005614217789983,
    0.29592076860456107,
    0.47450173540042706
  ],
  "est_distances_m": [
    0.7403377607551841,
    0.36345563690772503,
    0.5068530358989675,
    0.6768493185340444,
    0.4085645603818324,
    0.7363423117002038,
    0.3552463933666323,
    0.5009990019950139
  ]
}