{
  "scene_index": 59,
  "scene_name": "scene_059",
  "fs": 48000,
  "layout": "mic_8",
  "num_mics": 8,
  "rt60_sec": 0.3,
  "snr_db": 20.0,
  "source_mode": "probe",
  "source_ref": "generated_probe_signal",
  "true_source_position": [
    0.4427160942828462,
    0.5725917401043458,
    0.35
  ],
  "estimated_source_position": [
    0.4600000000000001,
    0.5800000000000001,
    0.35
  ],
  "localization_error_m": 0.01880467259808116,
  "peak_score": 0.5657775479532513,
  "absorption": 0.0700494894560237,
  "max_order_used": 12,
  "max_order_raw": 219,
  "true_ref_mic_index": 6,
  "est_ref_mic_index": 6,
  "true_relative_delays_samples": [
    54.811718178917296,
    42.015547167825794,
    85.73195074056123,
    28.165253361003522,
    67.60782769167405,
    23.26409514611925,
    0.0,
    64.69891868687014
  ],
  "est_relative_delays_samples": [
    59.002827746272175,
    44.27883843509537,
    86.40464808383109,
    32.61055324510774,
    67.61165233630794,
    27.187374681230146,
    0.0,
    64.19612859433914
  ],
  "true_distances_m": [
    0.6298488608156959,
    0.5384095554656045,
    0.8507996893291099,
    0.4394376643043537,
    0.7212877267089368,
    0.40441480456049317,
    0.23817345799551606,
    0.7005011477787756
  ],
  "est_distances_m": [
    0.6456779382943173,
    0.5404627646748664,
    0.8414867794564571,
    0.4570831434214131,
    0.7071951640106146,
    0.41833001326703784,
    0.22405356502408075,
    0.6827884006044626
  ]
}