{
  "scene_index": 12,
  "scene_name": "scene_012",
  "fs": 48000,
  "layout": "mic_8",
  "num_mics": 8,
  "rt60_sec": 0.3,
  "snr_db": 20.0,
  "source_mode": "probe",
  "source_ref": "generated_probe_signal",
  "true_source_position": [
    0.29517799591366356,
    0.6422335454829924,
    0.35
  ],
  "estimated_source_position": [
    0.30000000000000004,
    0.6000000000000001,
    0.35
  ],
  "localization_error_m": 0.04250792970108783,
  "peak_score": 0.5644346920354659,
  "absorption": 0.0700494894560237,
  "max_order_used": 12,
  "max_order_raw": 219,
  "true_ref_mic_index": 5,
  "est_ref_mic_index": 5,
  "true_relative_delays_samples": [
    49.90930352493124,
    55.016400881597136,
    104.34870524929218,
    15.489768415096192,
    86.22449995995892,
    0.0,
    10.789041362161342,
    80.47262648839379
  ],
  "est_relative_delays_samples": [
    43.2267105026823,
    48.065932438597116,
    98.96380007573877,
    10.255817466450356,
    82.3024930001827,
    0.0,
    9.42071174645068,
    78.53842526076048
  ],
  "true_distances_m": [
    0.6204096465979528,
    0.6569041131257946,
    1.0094245380866154,
    0.3744533852922566,
    0.8799119877899215,
    0.2637660818260484,
    0.34086277322649294,
    0.8388100586076955
  ],
  "est_distances_m": [
    0.5842088667591413,
    0.6187891401761993,
    0.9824968193332742,
    0.3486043602710673,
    0.863437895855863,
    0.2753179979587241,
    0.3426368339802362,
    0.8365404951345751
  ]
}