{
  "scene_index": 41,
  "scene_name": "scene_041",
  "fs": 48000,
  "layout": "mic_8",
  "num_mics": 8,
  "rt60_sec": 0.3,
  "snr_db": 20.0,
  "source_mode": "probe",
  "source_ref": "generated_probe_signal",
  "true_source_position": [
    0.8897120207495502,
    0.09941359720273635,
    0.35
  ],
  "estimated_source_position": [
    0.9000000000000001,
    0.14,
    0.35
  ],
  "localization_error_m": 0.0418700204093504,
  "peak_score": 0.5708708511459879,
  "absorption": 0.0700494894560237,
  "max_order_used": 12,
  "max_order_raw": 219,
  "true_ref_mic_index": 2,
  "est_ref_mic_index": 2,
  "true_relative_delays_samples": [
    76.71614327686231,
    7.1791800624504685,
    0.0,
    82.96610188268912,
    15.909715339810232,
    101.64424151504528,
    53.42299697407247,
    50.07239418916327
  ],
  "est_relative_delays_samples": [
    78.76145675432579,
    9.486314094772196,
    0.0,
    83.00651031354148,
    11.502358371424611,
    100.04137809611126,
    49.57702949647283,
    44.80658991594447
  ],
  "true_distances_m": [
    0.8237174541690071,
    0.32681790453268916,
    0.2755166803364285,
    0.8683786167064778,
    0.38920485453548914,
    1.0018494894960228,
    0.6572685128803214,
    0.6333256638131577
  ],
  "est_distances_m": [
    0.8357631243360767,
    0.3407345007480166,
    0.2729468812791236,
    0.8660975695613055,
    0.35514081714159523,
    0.9878258955909186,
    0.627216071222669,
    0.5931273050534768
  ]
}