{
  "scene_index": 23,
  "scene_name": "scene_023",
  "fs": 48000,
  "layout": "mic_8",
  "num_mics": 8,
  "rt60_sec": 0.3,
  "snr_db": 20.0,
  "source_mode": "probe",
  "source_ref": "generated_probe_signal",
  "true_source_position": [
    0.30535388911620703,
    0.5945430155665478,
    0.35
  ],
  "estimated_source_position": [
    0.28,
    0.54,
    0.35
  ],
  "localization_error_m": 0.06014781991402172,
  "peak_score": 0.5746471960834706,
  "absorption": 0.0700494894560237,
  "max_order_used": 12,
  "max_order_raw": 219,
  "true_ref_mic_index": 5,
  "est_ref_mic_index": 5,
  "true_relative_delays_samples": [
    42.035774377139994,
    46.26232046823454,
    97.13520273153514,
    9.448074526960948,
    80.59385450672262,
    0.0,
    8.130736721249477,
    77.07147911367231
  ],
  "est_relative_delays_samples": [
    33.83307966454526,
    41.74546627435376,
    96.2240732190944,
    2.4855407500262316,
    82.18975628783456,
    0.0,
    13.264142498399604,
    81.35562948237846
  ],
  "true_distances_m": [
    0.5814111197836832,
    0.6116133137262963,
    0.9751424515661319,
    0.34854484793761215,
    0.8569407340429924,
    0.281030482047037,
    0.3391313715342989,
    0.8317704265468203
  ],
  "est_distances_m": [
    0.5235456045083371,
    0.580086200490927,
    0.9693812459502196,
    0.2995413160150032,
    0.8690943562122585,
    0.28178005607210743,
    0.3765634076752546,
    0.8631338250816035
  ]
}