{
  "scene_index": 92,
  "scene_name": "scene_092",
  "fs": 48000,
  "layout": "mic_8",
  "num_mics": 8,
  "rt60_sec": 0.3,
  "snr_db": 20.0,
  "source_mode": "probe",
  "source_ref": "generated_probe_signal",
  "true_source_position": [
    0.0920420896218376,
    0.364738555819992,
    0.35
  ],
  "estimated_source_position": [
    0.08,
    0.36000000000000004,
    0.35
  ],
  "localization_error_m": 0.012940859079657283,
  "peak_score": 0.6438867990775514,
  "absorption": 0.0700494894560237,
  "max_order_used": 12,
  "max_order_raw": 219,
  "true_ref_mic_index": 3,
  "est_ref_mic_index": 3,
  "true_relative_delays_samples": [
    23.961583317581002,
    63.043387602562376,
    129.63188878592683,
    0.0,
    124.27702611950527,
    26.519701429625226,
    64.44073421473193,
    130.41639930652397
  ],
  "est_relative_delays_samples": [
    23.356193936124804,
    64.17666824207184,
    131.08058648113314,
    0.0,
    125.96439239086182,
    27.097661504975576,
    66.18549423165393,
    132.21526726294456
  ],
  "true_distances_m": [
    0.3220575369292187,
    0.6013295967156481,
    1.0771599280884399,
    0.15083205613900447,
    1.0388949719513025,
    0.34033742260486805,
    0.6113148027151097,
    1.0827659095168736
  ],
  "est_distances_m": [
    0.31764760348537185,
    0.609343909463285,
    1.0874281585465773,
    0.15074813431681336,
    1.0508686882765135,
    0.3443835071544513,
    0.6236986451805071,
    1.095536398299938
  ]
}