{
  "scene_index": 60,
  "scene_name": "scene_060",
  "fs": 48000,
  "layout": "mic_8",
  "num_mics": 8,
  "rt60_sec": 0.3,
  "snr_db": 20.0,
  "source_mode": "probe",
  "source_ref": "generated_probe_signal",
  "true_source_position": [
    0.5046061191795703,
    0.5769978869176154,
    0.35
  ],
  "estimated_source_position": [
    0.5800000000000001,
    0.6200000000000001,
    0.35
  ],
  "localization_error_m": 0.08679527057804108,
  "peak_score": 0.5830033658392345,
  "absorption": 0.0700494894560237,
  "max_order_used": 12,
  "max_order_raw": 219,
  "true_ref_mic_index": 6,
  "est_ref_mic_index": 6,
  "true_relative_delays_samples": [
    65.77913908539213,
    45.79028745652629,
    84.59425647214579,
    40.9930397674405,
    64.96344041918755,
    36.2733462261683,
    0.0,
    61.51554521918107
  ],
  "est_relative_delays_samples": [
    82.80239786168032,
    56.17668401734894,
    86.60900735989905,
    58.39431359583318,
    63.29336108809396,
    51.08300635521638,
    0.0,
    56.43826304750774
  ],
  "true_distances_m": [
    0.6706692598034522,
    0.5278322575388484,
    0.805118952796296,
    0.4935519250939228,
    0.664840413084532,
    0.45982578166358196,
    0.20062249508908764,
    0.6402023286344857
  ],
  "est_distances_m": [
    0.7510659092250161,
    0.5608029957123982,
    0.7782673062643709,
    0.5766498070753169,
    0.611657583947097,
    0.5244044240850759,
    0.15937377450509227,
    0.562672195865408
  ]
}