{
  "scene_index": 91,
  "scene_name": "scene_091",
  "fs": 48000,
  "layout": "mic_8",
  "num_mics": 8,
  "rt60_sec": 0.3,
  "snr_db": 20.0,
  "source_mode": "probe",
  "source_ref": "generated_probe_signal",
  "true_source_position": [
    0.47633842534058674,
    0.33483508974582965,
    0.35
  ],
  "estimated_source_position": [
    0.4600000000000001,
    0.3400000000000001,
    0.35
  ],
  "localization_error_m": 0.017135356446352647,
  "peak_score": 0.607110967003829,
  "absorption": 0.0700494894560237,
  "max_order_used": 12,
  "max_order_raw": 219,
  "true_ref_mic_index": 1,
  "est_ref_mic_index": 1,
  "true_relative_delays_samples": [
    24.346314270065474,
    0.0,
    54.27174275654492,
    14.7152581436334,
    47.80518812834192,
    30.755803503552656,
    9.368131114735947,
    58.847842819435584
  ],
  "est_relative_delays_samples": [
    21.416969881545825,
    0.0,
    55.11489013075936,
    11.030285728909762,
    48.49333585445496,
    27.14263374737513,
    8.029473770858308,
    59.02518306431497
  ],
  "true_distances_m": [
    0.4944947627298199,
    0.320520058674977,
    0.7083368871227875,
    0.42567284082635737,
    0.6621279655087536,
    0.5402959045441137,
    0.38746316226569427,
    0.7410369354888605
  ],
  "est_distances_m": [
    0.48425200051213013,
    0.3312099032335839,
    0.7250517222929685,
    0.4100304866714182,
    0.6777351990268766,
    0.5251666402200353,
    0.3885871845545089,
    0.7529940238806679
  ]
}