{
  "scene_index": 47,
  "scene_name": "scene_047",
  "fs": 48000,
  "layout": "mic_8",
  "num_mics": 8,
  "rt60_sec": 0.3,
  "snr_db": 20.0,
  "source_mode": "probe",
  "source_ref": "generated_probe_signal",
  "true_source_position": [
    0.43391450467239995,
    0.2507633769007755,
    0.35
  ],
  "estimated_source_position": [
    0.5000000000000001,
    0.24000000000000005,
    0.35
  ],
  "localization_error_m": 0.06695627659153702,
  "peak_score": 0.5668769099734179,
  "absorption": 0.0700494894560237,
  "max_order_used": 12,
  "max_order_raw": 219,
  "true_ref_mic_index": 1,
  "est_ref_mic_index": 1,
  "true_relative_delays_samples": [
    19.467195418709046,
    0.0,
    61.749275038467324,
    17.137826257611188,
    60.41165535126843,
    40.202392688890164,
    27.11036613429734,
    75.0652055171733
  ],
  "est_relative_delays_samples": [
    32.57491224565455,
    0.0,
    58.30081483863554,
    31.47670966480137,
    57.51277269715,
    52.964644786770286,
    31.517991353158486,
    73.92363383969172
  ],
  "true_distances_m": [
    0.420613370576907,
    0.28150403664738194,
    0.7227540645264298,
    0.40396808677989526,
    0.713195657178321,
    0.5687836344034096,
    0.475230194648715,
    0.8179074844055161
  ],
  "est_distances_m": [
    0.47381430961928545,
    0.24103941586387898,
    0.6576473218982953,
    0.4659667370102721,
    0.6520161040955967,
    0.6195159400693416,
    0.46626172907499064,
    0.7692853826766761
  ]
}