{
  "scene_index": 90,
  "scene_name": "scene_090",
  "fs": 48000,
  "layout": "mic_8",
  "num_mics": 8,
  "rt60_sec": 0.3,
  "snr_db": 20.0,
  "source_mode": "probe",
  "source_ref": "generated_probe_signal",
  "true_source_position": [
    0.7183821182359884,
    0.5250456242166834,
    0.35
  ],
  "estimated_source_position": [
    0.7200000000000001,
    0.52,
    0.35
  ],
  "localization_error_m": 0.005298666354688102,
  "peak_score": 0.5675489508646089,
  "absorption": 0.0700494894560237,
  "max_order_used": 12,
  "max_order_raw": 219,
  "true_ref_mic_index": 6,
  "est_ref_mic_index": 6,
  "true_relative_delays_samples": [
    77.34296476526372,
    34.21413978420681,
    52.91255223506623,
    60.57641627898015,
    29.99906157995836,
    60.42006799213,
    0.0,
    29.767271303473734
  ],
  "est_relative_delays_samples": [
    76.58880810031839,
    33.079837186318365,
    51.71528006335624,
    60.09438349892493,
    29.026187643037066,
    60.24757939625762,
    0.0,
    29.254545273626874
  ],
  "true_distances_m": [
    0.7925259216693703,
    0.4843345264922344,
    0.6179502654640008,
    0.6727149606111356,
    0.4542142801577091,
    0.6715977218113524,
    0.23984598595092332,
    0.4525579454736627
  ],
  "est_distances_m": [
    0.791012010022604,
    0.4801041553663122,
    0.6132699242584786,
    0.6731456008918132,
    0.45113745133828126,
    0.6742403132415031,
    0.24372115213907888,
    0.4527692569068709
  ]
}