{
  "scene_index": 42,
  "scene_name": "scene_042",
  "fs": 48000,
  "layout": "mic_8",
  "num_mics": 8,
  "rt60_sec": 0.3,
  "snr_db": 20.0,
  "source_mode": "probe",
  "source_ref": "generated_probe_signal",
  "true_source_position": [
    0.35522743543866175,
    0.12429728091821379,
    0.35
  ],
  "estimated_source_position": [
    0.3400000000000001,
    0.18000000000000002,
    0.35
  ],
  "localization_error_m": 0.05774658174422968,
  "peak_score": 0.5287492259160587,
  "absorption": 0.0700494894560237,
  "max_order_used": 12,
  "max_order_raw": 219,
  "true_ref_mic_index": 1,
  "est_ref_mic_index": 1,
  "true_relative_delays_samples": [
    3.6508239590552756,
    0.0,
    68.58915526467763,
    15.519519892109562,
    73.91718421571896,
    47.41828107956034,
    45.63953092547217,
    92.49141376255659
  ],
  "est_relative_delays_samples": [
    1.5612511283791264e-14,
    0.0,
    67.75647281547145,
    5.815932761392152,
    70.17971019313924,
    36.139168590257945,
    36.13916859025793,
    86.32834526896518
  ],
  "true_distances_m": [
    0.31656340646841963,
    0.29047522692767047,
    0.7806018989231793,
    0.4013751294900367,
    0.8186751058024956,
    0.629318360475362,
    0.616607708332607,
    0.9514034544392728
  ],
  "est_distances_m": [
    0.31638584039112755,
    0.31638584039112744,
    0.8005623023850174,
    0.35794552658190887,
    0.8178783528129351,
    0.5746303159423457,
    0.5746303159423456,
    0.9332738076256079
  ]
}