{
  "scene_index": 16,
  "scene_name": "scene_016",
  "fs": 48000,
  "layout": "mic_8",
  "num_mics": 8,
  "rt60_sec": 0.3,
  "snr_db": 20.0,
  "source_mode": "probe",
  "source_ref": "generated_probe_signal",
  "true_source_position": [
    0.5358695071789251,
    0.17995515078723986,
    0.35
  ],
  "estimated_source_position": [
    0.6000000000000001,
    0.24000000000000005,
    0.35
  ],
  "localization_error_m": 0.08785274057453789,
  "peak_score": 0.585088143464419,
  "absorption": 0.0700494894560237,
  "max_order_used": 12,
  "max_order_raw": 219,
  "true_ref_mic_index": 1,
  "est_ref_mic_index": 1,
  "true_relative_delays_samples": [
    41.827335506413526,
    0.0,
    58.773909229467975,
    45.72079694643583,
    61.92660213832259,
    69.21243112627015,
    45.503979081992355,
    81.97201039767533
  ],
  "est_relative_delays_samples": [
    48.285609849975806,
    0.0,
    48.28560984997579,
    47.36587930316038,
    47.36587930316036,
    66.04039617821181,
    33.039502667029474,
    66.04039617821181
  ],
  "true_distances_m": [
    0.49021223948862797,
    0.19132107118238126,
    0.6113096308846212,
    0.5180342660287873,
    0.6338382489624781,
    0.68590156860552,
    0.516484921705785,
    0.7770793954824363
  ],
  "est_distances_m": [
    0.5643580423808986,
    0.21931712199461312,
    0.5643580423808985,
    0.55778580118178,
    0.5577858011817799,
    0.6912307863514183,
    0.45541190146942795,
    0.6912307863514183
  ]
}