{
  "scene_index": 37,
  "scene_name": "scene_037",
  "fs": 48000,
  "layout": "mic_8",
  "num_mics": 8,
  "rt60_sec": 0.3,
  "snr_db": 20.0,
  "source_mode": "probe",
  "source_ref": "generated_probe_signal",
  "true_source_position": [
    0.9371691553678223,
    0.24309363315064259,
    0.35
  ],
  "estimated_source_position": [
    0.8600000000000001,
    0.22000000000000003,
    0.35
  ],
  "localization_error_m": 0.08055057065148291,
  "peak_score": 0.5127505503188112,
  "absorption": 0.0700494894560237,
  "max_order_used": 12,
  "max_order_raw": 219,
  "true_ref_mic_index": 4,
  "est_ref_mic_index": 2,
  "true_relative_delays_samples": [
    86.00229229822081,
    18.566726246537353,
    2.3070829082264837,
    85.27303098876654,
    0.0,
    97.74694857242928,
    41.074198593060984,
    30.40155731842675
  ],
  "est_relative_delays_samples": [
    66.51791003945208,
    1.5612511283791264e-14,
    0.0,
    66.90114935470228,
    0.9255764989285296,
    81.40373738289342,
    29.34790393726279,
    29.347903937262778
  ],
  "true_distances_m": [
    0.8853465389824835,
    0.4034632232381622,
    0.2872745218831491,
    0.8801353592086749,
    0.2707884919347807,
    0.9692718952752649,
    0.564297869381029,
    0.4880329536060385
  ],
  "est_distances_m": [
    0.8065358020571685,
    0.331209903233584,
    0.3312099032335839,
    0.8092743663307272,
    0.33782391863217737,
    0.9129074432821764,
    0.5409251334519409,
    0.5409251334519408
  ]
}