{
  "scene_index": 1,
  "scene_name": "scene_001",
  "fs": 48000,
  "layout": "mic_8",
  "num_mics": 8,
  "rt60_sec": 0.3,
  "snr_db": 20.0,
  "source_mode": "probe",
  "source_ref": "generated_probe_signal",
  "true_source_position": [
    0.4657072218437981,
    0.3325758177871359,
    0.35
  ],
  "estimated_source_position": [
    0.4600000000000001,
    0.32000000000000006,
    0.35
  ],
  "localization_error_m": 0.013810270605225937,
  "peak_score": 0.5789207746473868,
  "absorption": 0.0700494894560237,
  "max_order_used": 12,
  "max_order_raw": 219,
  "true_ref_mic_index": 1,
  "est_ref_mic_index": 1,
  "true_relative_delays_samples": [
    22.64738943425042,
    0.0,
    55.166725254570764,
    13.01689014600569,
    48.9244364819345,
    29.523632651879144,
    9.785326407563831,
    59.937232030664276
  ],
  "est_relative_delays_samples": [
    22.11935741700477,
    0.0,
    56.308266001848715,
    13.499689832099882,
    50.84204568293194,
    31.095888724278264,
    12.588620980768797,
    62.44450985212977
  ],
  "true_distances_m": [
    0.484834615836474,
    0.32300014550422623,
    0.7172123697191798,
    0.4160166730058919,
    0.6726060145313832,
    0.5339711038291126,
    0.3929244571249428,
    0.7513016160566813
  ],
  "est_distances_m": [
    0.47381430961928545,
    0.31575306807693887,
    0.7181225522151494,
    0.41221960166881927,
    0.67906185285289,
    0.5379591062525106,
    0.40570925550201586,
    0.7619711280619496
  ]
}