{
  "scene_index": 2,
  "scene_name": "scene_002",
  "fs": 48000,
  "layout": "mic_8",
  "num_mics": 8,
  "rt60_sec": 0.3,
  "snr_db": 20.0,
  "source_mode": "probe",
  "source_ref": "generated_probe_signal",
  "true_source_position": [
    0.7581535872555113,
    0.2991245832434418,
    0.35
  ],
  "estimated_source_position": [
    0.7600000000000001,
    0.38000000000000006,
    0.35
  ],
  "localization_error_m": 0.08089649112025807,
  "peak_score": 0.54540343975702,
  "absorption": 0.0700494894560237,
  "max_order_used": 12,
  "max_order_raw": 219,
  "true_ref_mic_index": 1,
  "est_ref_mic_index": 6,
  "true_relative_delays_samples": [
    58.665626980027156,
    0.0,
    19.55737972871452,
    54.52136669464448,
    12.582133290028592,
    66.93228666427737,
    16.948485516713898,
    32.2356594857519
  ],
  "est_relative_delays_samples": [
    55.22496898939771,
    1.1230186729727019,
    17.9745872538885,
    46.56873035495976,
    3.699900274449587,
    54.6790960753662,
    0.0,
    17.130393369790013
  ],
  "true_distances_m": [
    0.7282910619313754,
    0.3090762691365979,
    0.44883004511470376,
    0.6986768686420782,
    0.39898609660492723,
    0.7873632342584134,
    0.43018732189144926,
    0.5394269192118667
  ],
  "est_distances_m": [
    0.7582216034906947,
    0.371618083521241,
    0.49203658400570177,
    0.6963655649154402,
    0.39003204996512786,
    0.7543208866258445,
    0.3635931792539569,
    0.4860041152089147
  ]
}