{
  "scene_index": 98,
  "scene_name": "scene_098",
  "fs": 48000,
  "layout": "mic_8",
  "num_mics": 8,
  "rt60_sec": 0.3,
  "snr_db": 20.0,
  "source_mode": "probe",
  "source_ref": "generated_probe_signal",
  "true_source_position": [
    0.26847441965725244,
    0.44278102402708786,
    0.35
  ],
  "estimated_source_position": [
    0.32000000000000006,
    0.4400000000000001,
    0.35
  ],
  "localization_error_m": 0.05160057678259207,
  "peak_score": 0.5633023985630639,
  "absorption": 0.0700494894560237,
  "max_order_used": 12,
  "max_order_raw": 219,
  "true_ref_mic_index": 3,
  "est_ref_mic_index": 3,
  "true_relative_delays_samples": [
    25.92205778471078,
    36.88784989899842,
    96.19957825144087,
    0.0,
    86.35176028371076,
    11.321617303969218,
    25.01632427872544,
    90.08883561618714
  ],
  "est_relative_delays_samples": [
    23.446174287054983,
    26.5492454976112,
    83.91076311398734,
    0.0,
    73.62956920682882,
    10.398224419112852,
    14.244071245423115,
    77.72719014395165
  ],
  "true_distances_m": [
    0.4354683435788193,
    0.5138280663954997,
    0.9376597919139946,
    0.25023363899224016,
    0.8672889260195901,
    0.3311360293101869,
    0.4289961229006323,
    0.8939934434995774
  ],
  "est_distances_m": [
    0.45793012567421254,
    0.4801041553663122,
    0.8900000000000001,
    0.29038767191463216,
    0.8165323018717632,
    0.3646916505762094,
    0.3921734310225515,
    0.84581321815162
  ]
}