{
  "scene_index": 11,
  "scene_name": "scene_011",
  "fs": 48000,
  "layout": "mic_8",
  "num_mics": 8,
  "rt60_sec": 0.3,
  "snr_db": 20.0,
  "source_mode": "probe",
  "source_ref": "generated_probe_signal",
  "true_source_position": [
    0.8002087055203344,
    0.3646129552968231,
    0.35
  ],
  "estimated_source_position": [
    0.8200000000000001,
    0.38000000000000006,
    0.35
  ],
  "localization_error_m": 0.025069034322813693,
  "peak_score": 0.5888303969316255,
  "absorption": 0.0700494894560237,
  "max_order_used": 12,
  "max_order_raw": 219,
  "true_ref_mic_index": 4,
  "est_ref_mic_index": 4,
  "true_relative_delays_samples": [
    60.933988375410074,
    3.5761377038850406,
    14.028346207233099,
    53.50824733162564,
    0.0,
    62.01592344178394,
    5.793044494532118,
    15.89159876325025
  ],
  "est_relative_delays_samples": [
    66.75469455723764,
    9.190804904710179,
    16.030675822126152,
    58.72215882079661,
    0.0,
    66.24543642699813,
    8.152013716086346,
    15.106498872562154
  ],
  "true_distances_m": [
    0.7887997932492549,
    0.37893015199231556,
    0.4536198919224902,
    0.7357366853738786,
    0.35337566798330367,
    0.7965311209110514,
    0.39477179843381444,
    0.4669343841456961
  ],
  "est_distances_m": [
    0.8124653838779842,
    0.4011234224026317,
    0.45000000000000007,
    0.7550662222613327,
    0.3354474623543902,
    0.8088263101556478,
    0.39370039370059057,
    0.4433959855479073
  ]
}