{
  "scene_index": 68,
  "scene_name": "scene_068",
  "fs": 48000,
  "layout": "mic_8",
  "num_mics": 8,
  "rt60_sec": 0.3,
  "snr_db": 20.0,
  "source_mode": "probe",
  "source_ref": "generated_probe_signal",
  "true_source_position": [
    0.4906950377647615,
    0.3131176507710565,
    0.35
  ],
  "estimated_source_position": [
    0.5800000000000001,
    0.36000000000000004,
    0.35
  ],
  "localization_error_m": 0.10086293149151483,
  "peak_score": 0.5546567019226019,
  "absorption": 0.0700494894560237,
  "max_order_used": 12,
  "max_order_raw": 219,
  "true_ref_mic_index": 1,
  "est_ref_mic_index": 1,
  "true_relative_delays_samples": [
    27.640592475213396,
    0.0,
    54.53185105049751,
    20.09688344974642,
    49.246729974563934,
    37.28194220647334,
    14.593185310184166,
    61.69534295109894
  ],
  "est_relative_delays_samples": [
    38.356830721120176,
    0.0,
    43.13305120237329,
    28.54169319674447,
    33.917715005126304,
    40.421843994350645,
    3.7346458714517685,
    45.08808898529852
  ],
  "true_distances_m": [
    0.49549394864681756,
    0.2979788815843552,
    0.6876544005493685,
    0.4415878612356682,
    0.64988780619426,
    0.5643894269347792,
    0.40225935161337956,
    0.7388435197557496
  ],
  "est_distances_m": [
    0.5923681287847956,
    0.318276609256791,
    0.6264982043070835,
    0.5222307918918608,
    0.5606469477309227,
    0.6071243694664217,
    0.3449637662132068,
    0.6404685784642367
  ]
}