{
  "scene_index": 45,
  "scene_name": "scene_045",
  "fs": 48000,
  "layout": "mic_8",
  "num_mics": 8,
  "rt60_sec": 0.3,
  "snr_db": 20.0,
  "source_mode": "probe",
  "source_ref": "generated_probe_signal",
  "true_source_position": [
    0.22836226034722606,
    0.4977373011440161,
    0.35
  ],
  "estimated_source_position": [
    0.24000000000000005,
    0.5000000000000001,
    0.35
  ],
  "localization_error_m": 0.011855664904956584,
  "peak_score": 0.5381326753815254,
  "absorption": 0.0700494894560237,
  "max_order_used": 12,
  "max_order_raw": 219,
  "true_ref_mic_index": 3,
  "est_ref_mic_index": 3,
  "true_relative_delays_samples": [
    31.334301817279247,
    46.854316321067124,
    105.22518208532588,
    0.0,
    93.53393714979626,
    3.9588306869274072,
    26.88836475630512,
    94.6494143786579
  ],
  "est_relative_delays_samples": [
    30.979759541737423,
    44.880851406506906,
    102.73421354964869,
    0.0,
    90.81706006347915,
    3.505627141636665,
    24.21030948054102,
    91.84335026933455
  ],
  "true_distances_m": [
    0.4679912531900831,
    0.5788946901650673,
    0.996003168438833,
    0.24408155478744187,
    0.912459480670361,
    0.2723706990711106,
    0.4362213279418722,
    0.9204304950349349
  ],
  "est_distances_m": [
    0.47381430961928545,
    0.573149195236284,
    0.9865596788841515,
    0.2524381112272868,
    0.9014016862642316,
    0.27748873851023215,
    0.4254409477236529,
    0.9087353850269065
  ]
}