{
  "scene_index": 96,
  "scene_name": "scene_096",
  "fs": 48000,
  "layout": "mic_8",
  "num_mics": 8,
  "rt60_sec": 0.3,
  "snr_db": 20.0,
  "source_mode": "probe",
  "source_ref": "generated_probe_signal",
  "true_source_position": [
    0.4061968176036689,
    0.11216890837551276,
    0.35
  ],
  "estimated_source_position": [
    0.4600000000000001,
    0.1,
    0.35
  ],
  "localization_error_m": 0.055162167896344566,
  "peak_score": 0.6157507082408213,
  "absorption": 0.0700494894560237,
  "max_order_used": 12,
  "max_order_raw": 219,
  "true_ref_mic_index": 1,
  "est_ref_mic_index": 1,
  "true_relative_delays_samples": [
    15.855080920717235,
    0.0,
    67.58198057887329,
    27.67787802691327,
    73.90743779324971,
    58.2454298575698,
    50.675362493716065,
    93.91221191347354
  ],
  "est_relative_delays_samples": [
    28.38968332736582,
    0.0,
    65.9084780513108,
    40.06712421815041,
    73.38676179794062,
    69.28922510702087,
    55.92769230836927,
    94.98088736246409
  ],
  "true_distances_m": [
    0.36047080669706577,
    0.2471730409511072,
    0.7301026105043059,
    0.4449545443517583,
    0.7753032735153708,
    0.6633851751416581,
    0.6092907354374533,
    0.9182540552494702
  ],
  "est_distances_m": [
    0.40902322672435126,
    0.20615528128088298,
    0.677126280689208,
    0.4924682730897495,
    0.7305648499620003,
    0.7012845356914696,
    0.6058052492344385,
    0.8848728722251576
  ]
}