{
  "scene_index": 3,
  "scene_name": "scene_003",
  "fs": 48000,
  "layout": "mic_8",
  "num_mics": 8,
  "rt60_sec": 0.3,
  "snr_db": 20.0,
  "source_mode": "probe",
  "source_ref": "generated_probe_signal",
  "true_source_position": [
    0.7953689928729236,
    0.41913869839011514,
    0.35
  ],
  "estimated_source_position": [
    0.8000000000000002,
    0.4000000000000001,
    0.35
  ],
  "localization_error_m": 0.019691013256783574,
  "peak_score": 0.5770510710571043,
  "absorption": 0.0700494894560237,
  "max_order_used": 12,
  "max_order_raw": 219,
  "true_ref_mic_index": 6,
  "est_ref_mic_index": 4,
  "true_relative_delays_samples": [
    63.561943093447944,
    9.457026478507533,
    19.77105684752089,
    53.27425479932724,
    1.2252796776952222,
    58.94461526000243,
    0.0,
    11.931030192960428
  ],
  "est_relative_delays_samples": [
    62.66095954004225,
    7.246703485546603,
    17.137934397379063,
    53.40017459003296,
    0.0,
    60.05721049621902,
    1.913326894228993,
    12.658012043979612
  ],
  "true_distances_m": [
    0.8057715884230237,
    0.41914687177876203,
    0.4928492137906699,
    0.7322574824879529,
    0.36032418109795733,
    0.772776933279861,
    0.35156853673442695,
    0.43682568998828997
  ],
  "est_distances_m": [
    0.8020598481410226,
    0.4060788100849392,
    0.47675989764240867,
    0.7358838223524147,
    0.3542950747611374,
    0.7834538914320358,
    0.3679673898594821,
    0.4447471191587417
  ]
}