{
  "scene_index": 6,
  "scene_name": "scene_006",
  "fs": 48000,
  "layout": "mic_8",
  "num_mics": 8,
  "rt60_sec": 0.3,
  "snr_db": 20.0,
  "source_mode": "probe",
  "source_ref": "generated_probe_signal",
  "true_source_position": [
    0.13378559662631442,
    0.296074170948957,
    0.35
  ],
  "estimated_source_position": [
    0.08,
    0.38000000000000006,
    0.35
  ],
  "localization_error_m": 0.0996816692594657,
  "peak_score": 0.5249530203113162,
  "absorption": 0.0700494894560237,
  "max_order_used": 12,
  "max_order_raw": 219,
  "true_ref_mic_index": 3,
  "est_ref_mic_index": 3,
  "true_relative_delays_samples": [
    12.686089153505923,
    50.02519637193214,
    117.95169690824329,
    0.0,
    115.15068260665838,
    31.996027175265898,
    61.34380572174214,
    124.1995213653884
  ],
  "est_relative_delays_samples": [
    25.934957867325775,
    65.59148641093826,
    131.91820650273064,
    0.0,
    126.04411163640597,
    24.687567694216273,
    64.9217418713442,
    131.53995014293758
  ],
  "true_distances_m": [
    0.2684789335417729,
    0.5352979705401102,
    1.0206894222891671,
    0.17782625479901182,
    1.000673840925758,
    0.40646453232226604,
    0.6161788665189609,
    1.0653353345558498
  ],
  "est_distances_m": [
    0.3354101966249685,
    0.6187891401761993,
    1.092748827498799,
    0.15008331019803636,
    1.050773524599854,
    0.32649655434629016,
    0.6140032573203501,
    1.0900458705944445
  ]
}