{
  "scene_index": 55,
  "scene_name": "scene_055",
  "fs": 48000,
  "layout": "mic_8",
  "num_mics": 8,
  "rt60_sec": 0.3,
  "snr_db": 20.0,
  "source_mode": "probe",
  "source_ref": "generated_probe_signal",
  "true_source_position": [
    0.8239909586775219,
    0.08535460794018199,
    0.35
  ],
  "estimated_source_position": [
    0.8400000000000001,
    0.08,
    0.35
  ],
  "localization_error_m": 0.016880794716418807,
  "peak_score": 0.5565056101218909,
  "absorption": 0.0700494894560237,
  "max_order_used": 12,
  "max_order_raw": 219,
  "true_ref_mic_index": 1,
  "est_ref_mic_index": 1,
  "true_relative_delays_samples": [
    68.48044593186218,
    0.0,
    8.712496045017657,
    75.94946633142095,
    23.907879947822003,
    96.3366115470714,
    52.3623155941342,
    56.344449301709275
  ],
  "est_relative_delays_samples": [
    68.80118236448388,
    0.0,
    4.845924598065117,
    76.39565237652499,
    21.058948741738913,
    96.66278934530922,
    51.96741578975403,
    54.16515760909715
  ],
  "true_distances_m": [
    0.7589803807873371,
    0.2696305275659053,
    0.33188857222092727,
    0.8123527557258509,
    0.4404722530263834,
    0.958035897579353,
    0.6438029077489893,
    0.6722585715343694
  ],
  "est_distances_m": [
    0.7746612162745726,
    0.2830194339616982,
    0.31764760348537185,
    0.8289300332356164,
    0.4335031718453742,
    0.9737556161583871,
    0.6543699259593155,
    0.6700746227100383
  ]
}