{
  "scene_index": 35,
  "scene_name": "scene_035",
  "fs": 48000,
  "layout": "mic_8",
  "num_mics": 8,
  "rt60_sec": 0.3,
  "snr_db": 20.0,
  "source_mode": "probe",
  "source_ref": "generated_probe_signal",
  "true_source_position": [
    1.0299318622084046,
    0.2792250800682904,
    0.35
  ],
  "estimated_source_position": [
    1.0400000000000003,
    0.26000000000000006,
    0.35
  ],
  "localization_error_m": 0.021701868634353368,
  "peak_score": 0.5390593852969924,
  "absorption": 0.0700494894560237,
  "max_order_used": 12,
  "max_order_raw": 219,
  "true_ref_mic_index": 4,
  "est_ref_mic_index": 4,
  "true_relative_delays_samples": [
    109.52658411261255,
    41.641208938100526,
    9.192056786779911,
    107.33487925100273,
    0.0,
    117.35528979622286,
    56.05737570851679,
    32.00377838890101
  ],
  "est_relative_delays_samples": [
    109.56544205279982,
    41.03845864119087,
    5.925776402807382,
    108.20097125770126,
    0.0,
    118.86159879758002,
    58.01911573290707,
    33.39051609176047
  ],
  "true_distances_m": [
    0.9821207539640653,
    0.4970231771961981,
    0.26514694411488615,
    0.966459196307145,
    0.19946203832602138,
    1.038063379994864,
    0.6000387022431309,
    0.4281557047300432
  ],
  "est_distances_m": [
    0.9881801455200365,
    0.49849774322458096,
    0.24758836806279894,
    0.9784298646300614,
    0.20524375751773785,
    1.0546089322587784,
    0.6198386886924696,
    0.44384682042344287
  ]
}