{
  "scene_index": 46,
  "scene_name": "scene_046",
  "fs": 48000,
  "layout": "mic_8",
  "num_mics": 8,
  "rt60_sec": 0.3,
  "snr_db": 20.0,
  "source_mode": "probe",
  "source_ref": "generated_probe_signal",
  "true_source_position": [
    0.12450601973615832,
    0.1632643750274141,
    0.35
  ],
  "estimated_source_position": [
    0.08,
    0.12000000000000001,
    0.35
  ],
  "localization_error_m": 0.062069251157622685,
  "peak_score": 0.5696060633749194,
  "absorption": 0.0700494894560237,
  "max_order_used": 12,
  "max_order_raw": 219,
  "true_ref_mic_index": 0,
  "est_ref_mic_index": 0,
  "true_relative_delays_samples": [
    0.0,
    45.93698507408385,
    116.56158853685481,
    12.039735750210957,
    119.16278834800909,
    49.41368664500417,
    74.68106769256708,
    132.92107870863384
  ],
  "est_relative_delays_samples": [
    0.0,
    54.21856024527187,
    125.4270729027414,
    19.676431051261577,
    129.58867747638996,
    58.05424591304519,
    86.2572485586216,
    144.24628889238602
  ],
  "true_distances_m": [
    0.17723922235628653,
    0.5054972615315106,
    1.0101689071092281,
    0.263273167404669,
    1.0287566474264347,
    0.5303411915070454,
    0.7108976852427554,
    1.1270710972950657
  ],
  "est_distances_m": [
    0.15524174696260026,
    0.5426785420486054,
    1.05152270541344,
    0.2958462438497403,
    1.0812608380959703,
    0.570087712549569,
    0.7716216689544171,
    1.186001686339442
  ]
}