{
  "scene_index": 21,
  "scene_name": "scene_021",
  "fs": 48000,
  "layout": "mic_8",
  "num_mics": 8,
  "rt60_sec": 0.3,
  "snr_db": 20.0,
  "source_mode": "probe",
  "source_ref": "generated_probe_signal",
  "true_source_position": [
    0.858312276160647,
    0.6407846512148747,
    0.35
  ],
  "estimated_source_position": [
    0.8600000000000001,
    0.66,
    0.35
  ],
  "localization_error_m": 0.01928932452658563,
  "peak_score": 0.5343955823131947,
  "absorption": 0.0700494894560237,
  "max_order_used": 12,
  "max_order_raw": 219,
  "true_ref_mic_index": 6,
  "est_ref_mic_index": 7,
  "true_relative_delays_samples": [
    93.87590780054259,
    46.91493665023503,
    47.10802171229523,
    74.99167431279655,
    14.258808279041444,
    68.99710716776825,
    0.0,
    0.4072305064360248
  ],
  "est_relative_delays_samples": [
    95.60549868084466,
    49.36254595964134,
    49.36254595964134,
    76.06416453249979,
    15.894730351767524,
    69.13426509282277,
    1.0408340855860843e-14,
    0.0
  ],
  "true_distances_m": [
    0.9709528434793092,
    0.6353775704677362,
    0.6367573241403748,
    0.8360092583481238,
    0.4020223198152488,
    0.7931730806242757,
    0.3001312523212651,
    0.30304125364850587
  ],
  "est_distances_m": [
    0.98351410767716,
    0.6530696746902279,
    0.6530696746902279,
    0.8438749907421123,
    0.4139142423256296,
    0.7943550843294201,
    0.30033314835362424,
    0.3003331483536242
  ]
}