{
  "scene_index": 18,
  "scene_name": "scene_018",
  "fs": 48000,
  "layout": "mic_8",
  "num_mics": 8,
  "rt60_sec": 0.3,
  "snr_db": 20.0,
  "source_mode": "probe",
  "source_ref": "generated_probe_signal",
  "true_source_position": [
    0.5108374945580851,
    0.5546014689731318,
    0.35
  ],
  "estimated_source_position": [
    0.5000000000000001,
    0.54,
    0.35
  ],
  "localization_error_m": 0.018183899044755272,
  "peak_score": 0.5706015806093897,
  "absorption": 0.0700494894560237,
  "max_order_used": 12,
  "max_order_raw": 219,
  "true_ref_mic_index": 6,
  "est_ref_mic_index": 6,
  "true_relative_delays_samples": [
    62.848015152178526,
    41.48701886689872,
    80.80926433753275,
    39.334547375839506,
    62.043951678141234,
    36.57609051092199,
    0.0,
    59.99002635878963
  ],
  "est_relative_delays_samples": [
    58.55742947779248,
    38.036664541923685,
    78.9532270925726,
    35.442320720535356,
    61.10141394845122,
    33.90530774547623,
    0.0,
    59.9983380862689
  ],
  "true_distances_m": [
    0.6583065403507264,
    0.5056644210621646,
    0.7866546334877369,
    0.4902832185323039,
    0.652560836775835,
    0.4705717455184142,
    0.20920509874245077,
    0.637883828764635
  ],
  "est_distances_m": [
    0.640702739185654,
    0.494064773081425,
    0.7864477096412704,
    0.4755260245244209,
    0.6588816282155696,
    0.4645427859734775,
    0.22226110770892865,
    0.6509992319503918
  ]
}