{
  "scene_index": 73,
  "scene_name": "scene_073",
  "fs": 48000,
  "layout": "mic_8",
  "num_mics": 8,
  "rt60_sec": 0.3,
  "snr_db": 20.0,
  "source_mode": "probe",
  "source_ref": "generated_probe_signal",
  "true_source_position": [
    0.36889811345563456,
    0.202623589291753,
    0.35
  ],
  "estimated_source_position": [
    0.3400000000000001,
    0.22000000000000003,
    0.35
  ],
  "localization_error_m": 0.03372003277573147,
  "peak_score": 0.5088940999020488,
  "absorption": 0.0700494894560237,
  "max_order_used": 12,
  "max_order_raw": 219,
  "true_ref_mic_index": 1,
  "est_ref_mic_index": 1,
  "true_relative_delays_samples": [
    6.476271253878941,
    0.0,
    66.3487212258033,
    9.344133483572763,
    67.66469035500337,
    37.50345658972065,
    33.72160079124277,
    83.36332918898911
  ],
  "est_relative_delays_samples": [
    1.5612511283791264e-14,
    0.0,
    66.51791003945208,
    0.9255764989285504,
    66.90114935470227,
    29.3479039372628,
    29.34790393726279,
    81.4037373828934
  ],
  "true_distances_m": [
    0.3478486231236473,
    0.3015702681219707,
    0.7756871718813567,
    0.36834188864000106,
    0.7850908679504323,
    0.5695637183360162,
    0.542539207109393,
    0.8972707246182887
  ],
  "est_distances_m": [
    0.33120990323358396,
    0.33120990323358385,
    0.8065358020571685,
    0.3378239186321774,
    0.8092743663307271,
    0.5409251334519409,
    0.5409251334519408,
    0.9129074432821763
  ]
}