{
  "scene_index": 50,
  "scene_name": "scene_050",
  "fs": 48000,
  "layout": "mic_8",
  "num_mics": 8,
  "rt60_sec": 0.3,
  "snr_db": 20.0,
  "source_mode": "probe",
  "source_ref": "generated_probe_signal",
  "true_source_position": [
    0.16526639722369907,
    0.22220277807762612,
    0.35
  ],
  "estimated_source_position": [
    0.14,
    0.2,
    0.35
  ],
  "localization_error_m": 0.033635608854754834,
  "peak_score": 0.5583233161068137,
  "absorption": 0.0700494894560237,
  "max_order_used": 12,
  "max_order_raw": 219,
  "true_ref_mic_index": 0,
  "est_ref_mic_index": 0,
  "true_relative_delays_samples": [
    0.0,
    36.07401414179869,
    105.41277483603265,
    0.9632370818966409,
    105.63645826165157,
    35.86696360217798,
    58.536990082963314,
    117.76909698699957
  ],
  "est_relative_delays_samples": [
    0.0,
    41.59789507866116,
    111.58991993601187,
    5.167205499891779,
    112.72214619097768,
    41.387031269959564,
    66.2331092972531,
    125.37825038281879
  ],
  "true_distances_m": [
    0.22358888297163662,
    0.48136777569323974,
    0.9768510031541199,
    0.23047201461935637,
    0.9784494076330217,
    0.47988822704553347,
    0.6418844579394787,
    1.0651472218579043
  ],
  "est_distances_m": [
    0.2012461179749811,
    0.4984977432245806,
    0.9986490875177326,
    0.2381701072762911,
    1.0067397876313424,
    0.49699094559156715,
    0.6745368781616021,
    1.0971781988355402
  ]
}