{
  "scene_index": 76,
  "scene_name": "scene_076",
  "fs": 48000,
  "layout": "mic_8",
  "num_mics": 8,
  "rt60_sec": 0.3,
  "snr_db": 20.0,
  "source_mode": "probe",
  "source_ref": "generated_probe_signal",
  "true_source_position": [
    0.2592180109444574,
    0.5990354274933924,
    0.35
  ],
  "estimated_source_position": [
    0.3400000000000001,
    0.66,
    0.35
  ],
  "localization_error_m": 0.10120478672811495,
  "peak_score": 0.4632343380342116,
  "absorption": 0.0700494894560237,
  "max_order_used": 12,
  "max_order_raw": 219,
  "true_ref_mic_index": 5,
  "est_ref_mic_index": 6,
  "true_relative_delays_samples": [
    45.47838115083798,
    55.21098582844208,
    108.04130681733695,
    11.125554096926033,
    92.05010474761909,
    0.0,
    18.863047549577807,
    88.49730039943842
  ],
  "est_relative_delays_samples": [
    49.36254595964136,
    49.36254595964134,
    95.60549868084466,
    15.89473035176754,
    76.0641645324998,
    1.5612511283791264e-14,
    0.0,
    69.13426509282277
  ],
  "true_distances_m": [
    0.5692247978085075,
    0.6387723687338868,
    1.0162890374670313,
    0.3237452211524284,
    0.9020185726771724,
    0.2442438658348111,
    0.37903605978283583,
    0.8766308249391314
  ],
  "est_distances_m": [
    0.6530696746902279,
    0.6530696746902278,
    0.9835141076771599,
    0.4139142423256296,
    0.8438749907421123,
    0.3003331483536242,
    0.30033314835362407,
    0.79435508432942
  ]
}