{
  "scene_index": 74,
  "scene_name": "scene_074",
  "fs": 48000,
  "layout": "mic_8",
  "num_mics": 8,
  "rt60_sec": 0.3,
  "snr_db": 20.0,
  "source_mode": "probe",
  "source_ref": "generated_probe_signal",
  "true_source_position": [
    0.7344189300532947,
    0.6108310481947787,
    0.35
  ],
  "estimated_source_position": [
    0.6200000000000001,
    0.56,
    0.35
  ],
  "localization_error_m": 0.12520178519142863,
  "peak_score": 0.5531103142996856,
  "absorption": 0.0700494894560237,
  "max_order_used": 12,
  "max_order_raw": 219,
  "true_ref_mic_index": 6,
  "est_ref_mic_index": 6,
  "true_relative_delays_samples": [
    90.39697198546641,
    50.07556385804438,
    64.80583284030341,
    70.20552130713176,
    37.265992488864946,
    64.94200609715689,
    0.0,
    29.109648573567803
  ],
  "est_relative_delays_samples": [
    77.08262109428343,
    44.25044598685963,
    73.05957645074643,
    56.41158406886353,
    51.3228764308581,
    53.745494079960146,
    0.0,
    48.47528080167023
  ],
  "true_distances_m": [
    0.8558888582869079,
    0.567758796043038,
    0.6730188431454306,
    0.7116041169813081,
    0.4762237339674433,
    0.6739919145433628,
    0.20992716264076253,
    0.41793985973938247
  ],
  "est_distances_m": [
    0.7379024325749307,
    0.5032891812864648,
    0.709154426059656,
    0.5901906471641177,
    0.5538275905008706,
    0.5711392124517456,
    0.18708286933869708,
    0.5334791467339656
  ]
}