{
  "scene_index": 10,
  "scene_name": "scene_010",
  "fs": 48000,
  "layout": "mic_8",
  "num_mics": 8,
  "rt60_sec": 0.3,
  "snr_db": 20.0,
  "source_mode": "probe",
  "source_ref": "generated_probe_signal",
  "true_source_position": [
    0.28664650794036484,
    0.6144670770934505,
    0.35
  ],
  "estimated_source_position": [
    0.36000000000000004,
    0.66,
    0.35
  ],
  "localization_error_m": 0.0863364457558727,
  "peak_score": 0.5669517641329566,
  "absorption": 0.0700494894560237,
  "max_order_used": 12,
  "max_order_raw": 219,
  "true_ref_mic_index": 5,
  "est_ref_mic_index": 6,
  "true_relative_delays_samples": [
    46.32284461298896,
    52.63698397350439,
    103.55663763347702,
    12.419866653696932,
    86.57335518865516,
    0.0,
    12.664517494691435,
    82.18039822557307
  ],
  "est_relative_delays_samples": [
    52.91063503549738,
    50.682971452880636,
    95.79474133961526,
    20.09073055588856,
    75.88031555410768,
    4.843231692775025,
    0.0,
    68.78549916171241
  ],
  "true_distances_m": [
    0.5923325381411726,
    0.6374523256548558,
    1.0013156841000768,
    0.3500675081403983,
    0.8799559782964539,
    0.26131721101085564,
    0.35181574227500484,
    0.8485646399977632
  ],
  "est_distances_m": [
    0.6612866246946176,
    0.6453681120105021,
    0.9677293009927932,
    0.42676105726741287,
    0.8254241334005203,
    0.3178049716414141,
    0.28319604517012587,
    0.7747257579298625
  ]
}