{
  "scene_index": 86,
  "scene_name": "scene_086",
  "fs": 48000,
  "layout": "mic_8",
  "num_mics": 8,
  "rt60_sec": 0.3,
  "snr_db": 20.0,
  "source_mode": "probe",
  "source_ref": "generated_probe_signal",
  "true_source_position": [
    1.0363108544211435,
    0.38313502085314843,
    0.35
  ],
  "estimated_source_position": [
    1.1000000000000003,
    0.38000000000000006,
    0.35
  ],
  "localization_error_m": 0.06376625769413238,
  "peak_score": 0.5593029830126015,
  "absorption": 0.0700494894560237,
  "max_order_used": 12,
  "max_order_raw": 219,
  "true_ref_mic_index": 4,
  "est_ref_mic_index": 4,
  "true_relative_delays_samples": [
    117.88661848037918,
    53.1903625179597,
    24.69383011980781,
    111.40451076071997,
    0.0,
    117.22290105056396,
    51.96393685588675,
    22.72635254231833
  ],
  "est_relative_delays_samples": [
    129.0712682159482,
    63.06747843391457,
    25.832664214245362,
    123.08886322244054,
    0.0,
    128.68629544610465,
    62.37899556050067,
    24.5875459422025
  ],
  "true_distances_m": [
    1.0143575755872956,
    0.5520489131891729,
    0.34841744209404585,
    0.9680375141738974,
    0.17195944769625257,
    1.0096147614534077,
    0.5432850798122767,
    0.33435817523823563
  ],
  "est_distances_m": [
    1.073731810090397,
    0.602079728939615,
    0.3360059523282289,
    1.03098254107429,
    0.1514100392972672,
    1.0709808588392233,
    0.5971599450733449,
    0.32710854467592254
  ]
}