{
  "scene_index": 29,
  "scene_name": "scene_029",
  "fs": 48000,
  "layout": "mic_8",
  "num_mics": 8,
  "rt60_sec": 0.3,
  "snr_db": 20.0,
  "source_mode": "probe",
  "source_ref": "generated_probe_signal",
  "true_source_position": [
    1.0976885892599557,
    0.6295372522535229,
    0.35
  ],
  "estimated_source_position": [
    1.1200000000000003,
    0.66,
    0.35
  ],
  "localization_error_m": 0.03775947628710544,
  "peak_score": 0.6099938139777817,
  "absorption": 0.0700494894560237,
  "max_order_used": 12,
  "max_order_raw": 219,
  "true_ref_mic_index": 7,
  "est_ref_mic_index": 7,
  "true_relative_delays_samples": [
    141.24490867429282,
    83.89136044283659,
    57.81306735695431,
    126.33259285323034,
    19.498526092406255,
    122.102431722027,
    50.99738198545099,
    0.0
  ],
  "est_relative_delays_samples": [
    146.9213319838954,
    89.97569890526712,
    62.79878739306505,
    131.32035306545433,
    24.032283781228585,
    126.01416884498973,
    54.71185264026761,
    0.0
  ],
  "true_distances_m": [
    1.1662680893878006,
    0.7564291926505197,
    0.5700780566409859,
    1.0597071659164583,
    0.29628873052140287,
    1.0294791394997345,
    0.521374304923785,
    0.1569555128194165
  ],
  "est_distances_m": [
    1.2002083152519818,
    0.7932843122109503,
    0.5990826320300064,
    1.0887263200639548,
    0.3220636583037584,
    1.0508092119885515,
    0.5412947441089747,
    0.1503329637837291
  ]
}