{
  "scene_index": 79,
  "scene_name": "scene_079",
  "fs": 48000,
  "layout": "mic_8",
  "num_mics": 8,
  "rt60_sec": 0.3,
  "snr_db": 20.0,
  "source_mode": "probe",
  "source_ref": "generated_probe_signal",
  "true_source_position": [
    0.6539782878543996,
    0.09635930120248525,
    0.35
  ],
  "estimated_source_position": [
    0.64,
    0.08,
    0.35
  ],
  "localization_error_m": 0.021517882497450583,
  "peak_score": 0.5724852437694178,
  "absorption": 0.0700494894560237,
  "max_order_used": 12,
  "max_order_raw": 219,
  "true_ref_mic_index": 1,
  "est_ref_mic_index": 1,
  "true_relative_delays_samples": [
    60.62642872564563,
    0.0,
    46.12294036289636,
    69.29613864998551,
    56.40420625605194,
    93.05875564592905,
    60.892290978719465,
    83.1106210193538
  ],
  "est_relative_delays_samples": [
    59.40518829100821,
    0.0,
    48.650713674347216,
    69.30456134347999,
    59.86553380834905,
    94.02991235458543,
    63.65110876886562,
    86.76386949550628
  ],
  "true_distances_m": [
    0.5934801611377601,
    0.16025380586908403,
    0.48984065054561426,
    0.6554324633054388,
    0.5633088630737886,
    0.8252361639222854,
    0.5953799684878502,
    0.7541484519032164
  ],
  "est_distances_m": [
    0.5797413216254298,
    0.15524174696260026,
    0.5028916384272064,
    0.6504805915628844,
    0.5830308739680945,
    0.8271638289964087,
    0.6100819617067859,
    0.7752418977325723
  ]
}