{
  "scene_index": 57,
  "scene_name": "scene_057",
  "fs": 48000,
  "layout": "mic_8",
  "num_mics": 8,
  "rt60_sec": 0.3,
  "snr_db": 20.0,
  "source_mode": "probe",
  "source_ref": "generated_probe_signal",
  "true_source_position": [
    0.12145330840822965,
    0.6023193205439533,
    0.35
  ],
  "estimated_source_position": [
    0.14,
    0.52,
    0.35
  ],
  "localization_error_m": 0.08438276070275479,
  "peak_score": 0.4937164823568081,
  "absorption": 0.0700494894560237,
  "max_order_used": 12,
  "max_order_raw": 219,
  "true_ref_mic_index": 5,
  "est_ref_mic_index": 3,
  "true_relative_delays_samples": [
    52.52111322609097,
    77.58362491261789,
    135.3432896870284,
    14.803453597151258,
    121.09416191773843,
    0.0,
    47.069130817921405,
    117.87471422857948
  ],
  "est_relative_delays_samples": [
    35.21474971653333,
    61.14120126070306,
    121.41101999317546,
    0.0,
    109.83710478449882,
    0.47176350641100345,
    40.50949115554054,
    109.94007202530415
  ],
  "true_distances_m": [
    0.5450099534792782,
    0.7241024849059186,
    1.1368434227730604,
    0.2754858440474799,
    1.0350215305883423,
    0.1697028318845032,
    0.5060509958542332,
    1.0120158939762274
  ],
  "est_distances_m": [
    0.4687216658103186,
    0.6539877674696981,
    1.084665847162157,
    0.21708293346092414,
    1.001960578066822,
    0.22045407685048607,
    0.5065570056765576,
    1.00269636480841
  ]
}