{
  "scene_index": 38,
  "scene_name": "scene_038",
  "fs": 48000,
  "layout": "mic_8",
  "num_mics": 8,
  "rt60_sec": 0.3,
  "snr_db": 20.0,
  "source_mode": "probe",
  "source_ref": "generated_probe_signal",
  "true_source_position": [
    0.5805399535971084,
    0.5798347578349268,
    0.35
  ],
  "estimated_source_position": [
    0.6000000000000001,
    0.6000000000000001,
    0.35
  ],
  "localization_error_m": 0.028023747029595238,
  "peak_score": 0.6452860240532652,
  "absorption": 0.0700494894560237,
  "max_order_used": 12,
  "max_order_raw": 219,
  "true_ref_mic_index": 6,
  "est_ref_mic_index": 6,
  "true_relative_delays_samples": [
    76.54933337933629,
    48.437675587473954,
    80.39307741278024,
    53.89912967879156,
    58.79294017195944,
    49.562094500839784,
    0.0,
    54.72378285168389
  ],
  "est_relative_delays_samples": [
    81.866405634887,
    52.57230248913223,
    81.866405634887,
    58.85676095885377,
    58.85676095885376,
    53.20318494412433,
    0.0,
    53.203184944124324
  ],
  "true_distances_m": [
    0.7231009820812687,
    0.5222197607769191,
    0.7505677363202536,
    0.5612464014711263,
    0.5962167556202217,
    0.5302546709286792,
    0.1760922039747615,
    0.5671392356024193
  ],
  "est_distances_m": [
    0.7505331438384318,
    0.5412023651093925,
    0.7505331438384318,
    0.5861100579242777,
    0.5861100579242776,
    0.5457105459856902,
    0.16552945357246848,
    0.5457105459856901
  ]
}