{
  "scene_index": 43,
  "scene_name": "scene_043",
  "fs": 48000,
  "layout": "mic_8",
  "num_mics": 8,
  "rt60_sec": 0.3,
  "snr_db": 20.0,
  "source_mode": "probe",
  "source_ref": "generated_probe_signal",
  "true_source_position": [
    0.6542845231341077,
    0.11595392999157661,
    0.35
  ],
  "estimated_source_position": [
    0.64,
    0.08,
    0.35
  ],
  "localization_error_m": 0.03868762958631672,
  "peak_score": 0.6204431776040187,
  "absorption": 0.0700494894560237,
  "max_order_used": 12,
  "max_order_raw": 219,
  "true_ref_mic_index": 1,
  "est_ref_mic_index": 1,
  "true_relative_delays_samples": [
    60.33120388926856,
    0.0,
    45.77114673284071,
    67.74502999202153,
    54.59103669331292,
    90.74268904466305,
    57.80029525767602,
    80.55577604586797
  ],
  "est_relative_delays_samples": [
    59.40518829100821,
    0.0,
    48.650713674347216,
    69.30456134347999,
    59.86553380834905,
    94.02991235458543,
    63.65110876886562,
    86.76386949550628
  ],
  "true_distances_m": [
    0.5946388808286999,
    0.16352215303663498,
    0.49059513906505925,
    0.6476168465212888,
    0.5536206027409336,
    0.8119542851682897,
    0.5765534295654449,
    0.7391603026977331
  ],
  "est_distances_m": [
    0.5797413216254298,
    0.15524174696260026,
    0.5028916384272064,
    0.6504805915628844,
    0.5830308739680945,
    0.8271638289964087,
    0.6100819617067859,
    0.7752418977325723
  ]
}