{
  "scene_index": 93,
  "scene_name": "scene_093",
  "fs": 48000,
  "layout": "mic_8",
  "num_mics": 8,
  "rt60_sec": 0.3,
  "snr_db": 20.0,
  "source_mode": "probe",
  "source_ref": "generated_probe_signal",
  "true_source_position": [
    0.5208129133497728,
    0.5846865872661279,
    0.35
  ],
  "estimated_source_position": [
    0.5800000000000001,
    0.6000000000000001,
    0.35
  ],
  "localization_error_m": 0.06113601095671385,
  "peak_score": 0.5184461784234127,
  "absorption": 0.0700494894560237,
  "max_order_used": 12,
  "max_order_raw": 219,
  "true_ref_mic_index": 6,
  "est_ref_mic_index": 6,
  "true_relative_delays_samples": [
    69.52454343000439,
    47.93869516298234,
    85.05333104807592,
    44.893988013418344,
    64.71366383863645,
    39.6763287214174,
    0.0,
    60.689277308255626
  ],
  "est_relative_delays_samples": [
    79.77854145113217,
    52.455528847586194,
    83.65611805526282,
    56.21563102597408,
    61.18129597722561,
    50.3726334626543,
    0.0,
    55.7062432446489
  ],
  "true_distances_m": [
    0.6866764710853615,
    0.5324275970105997,
    0.797642599272831,
    0.5106706271710071,
    0.6522987273387114,
    0.4733861034802503,
    0.18986567115845515,
    0.6235411319236984
  ],
  "est_distances_m": [
    0.736817480791546,
    0.5415717865620403,
    0.7645259969418962,
    0.5684408500451038,
    0.6039246641759219,
    0.5266877632905478,
    0.16673332000533064,
    0.5648008498577176
  ]
}