{
  "scene_index": 75,
  "scene_name": "scene_075",
  "fs": 48000,
  "layout": "mic_8",
  "num_mics": 8,
  "rt60_sec": 0.3,
  "snr_db": 20.0,
  "source_mode": "probe",
  "source_ref": "generated_probe_signal",
  "true_source_position": [
    0.45447689222171817,
    0.6351031162714375,
    0.35
  ],
  "estimated_source_position": [
    0.4400000000000001,
    0.64,
    0.35
  ],
  "localization_error_m": 0.015282665953631957,
  "peak_score": 0.5792664172467238,
  "absorption": 0.0700494894560237,
  "max_order_used": 12,
  "max_order_raw": 219,
  "true_ref_mic_index": 6,
  "est_ref_mic_index": 6,
  "true_relative_delays_samples": [
    66.3768047191537,
    53.35379320807689,
    93.43053274274763,
    37.51866972406999,
    72.52278742175747,
    27.012168107241084,
    0.0,
    65.9441353506995
  ],
  "est_relative_delays_samples": [
    64.52189674931212,
    53.18561799721181,
    94.07284000496576,
    35.00698555424543,
    73.28853758965704,
    23.761078684600236,
    0.0,
    66.56104128521682
  ],
  "true_distances_m": [
    0.6862014372633574,
    0.5931411675071209,
    0.879522868765289,
    0.47998601427765497,
    0.7301196053257134,
    0.4049083048073985,
    0.21188385354107153,
    0.683109654067945
  ],
  "est_distances_m": [
    0.6824221567329127,
    0.6014149981501958,
    0.8935882720806042,
    0.471513520484832,
    0.7450671110712107,
    0.391152144312159,
    0.22135943621178647,
    0.696993543729065
  ]
}