{
  "scene_index": 70,
  "scene_name": "scene_070",
  "fs": 48000,
  "layout": "mic_8",
  "num_mics": 8,
  "rt60_sec": 0.3,
  "snr_db": 20.0,
  "source_mode": "probe",
  "source_ref": "generated_probe_signal",
  "true_source_position": [
    0.9244967294339634,
    0.5708385141069431,
    0.35
  ],
  "estimated_source_position": [
    0.9000000000000001,
    0.56,
    0.35
  ],
  "localization_error_m": 0.02678736905721066,
  "peak_score": 0.5930591956159094,
  "absorption": 0.0700494894560237,
  "max_order_used": 12,
  "max_order_raw": 219,
  "true_ref_mic_index": 7,
  "est_ref_mic_index": 7,
  "true_relative_delays_samples": [
    101.12302553271996,
    47.80445046015806,
    39.687494271822445,
    85.94760670047826,
    6.876678976029381,
    83.6581039251428,
    14.745049953919406,
    0.0
  ],
  "est_relative_delays_samples": [
    94.2966223480888,
    41.629774888937916,
    36.498304519665965,
    79.17774369611736,
    5.056464268647585,
    77.35077055142033,
    9.08082277458155,
    0.0
  ],
  "true_distances_m": [
    0.9882293119288522,
    0.6072236608895034,
    0.5492212447936885,
    0.8797882981901249,
    0.31476062715916725,
    0.8634278929413735,
    0.37098669477200635,
    0.26562102530962395
  ],
  "est_distances_m": [
    0.9619251530134766,
    0.5855766388782941,
    0.5489080068645383,
    0.8538881659795974,
    0.3242298567374695,
    0.8408329203831165,
    0.35298725189445596,
    0.28809720581775866
  ]
}