{
  "scene_index": 80,
  "scene_name": "scene_080",
  "fs": 48000,
  "layout": "mic_8",
  "num_mics": 8,
  "rt60_sec": 0.3,
  "snr_db": 20.0,
  "source_mode": "probe",
  "source_ref": "generated_probe_signal",
  "true_source_position": [
    0.6527498218687643,
    0.21349430500044492,
    0.35
  ],
  "estimated_source_position": [
    0.64,
    0.22000000000000003,
    0.35
  ],
  "localization_error_m": 0.01431370060859372,
  "peak_score": 0.5975189511309398,
  "absorption": 0.0700494894560237,
  "max_order_used": 12,
  "max_order_raw": 219,
  "true_ref_mic_index": 1,
  "est_ref_mic_index": 1,
  "true_relative_delays_samples": [
    55.88094929384809,
    0.0,
    42.11639445391955,
    56.8283209530194,
    43.244358049147074,
    75.56984162324005,
    38.59470193216536,
    64.74061136000488
  ],
  "est_relative_delays_samples": [
    54.20787672717468,
    0.0,
    43.79753364550794,
    54.72541686609755,
    44.38827137234988,
    73.4481551961771,
    37.361599040859346,
    65.18314119861705
  ],
  "true_distances_m": [
    0.6069292280968623,
    0.20761327793457282,
    0.5085700133032063,
    0.6136989880780239,
    0.5166302531607696,
    0.7476227712006425,
    0.48340458549150445,
    0.6702388966112743
  ],
  "est_distances_m": [
    0.5964059020499378,
    0.20904544960366878,
    0.5220153254455275,
    0.6001041576259909,
    0.5262366387852523,
    0.7338937252763509,
    0.4760252094164762,
    0.6748333127521197
  ]
}