{
  "scene_index": 36,
  "scene_name": "scene_036",
  "fs": 48000,
  "layout": "mic_8",
  "num_mics": 8,
  "rt60_sec": 0.3,
  "snr_db": 20.0,
  "source_mode": "probe",
  "source_ref": "generated_probe_signal",
  "true_source_position": [
    1.009740955509871,
    0.2818282724644413,
    0.35
  ],
  "estimated_source_position": [
    1.1200000000000003,
    0.2,
    0.35
  ],
  "localization_error_m": 0.13730594694473777,
  "peak_score": 0.5287179142821485,
  "absorption": 0.0700494894560237,
  "max_order_used": 12,
  "max_order_raw": 219,
  "true_ref_mic_index": 4,
  "est_ref_mic_index": 2,
  "true_relative_delays_samples": [
    105.65171060892987,
    38.14445726275889,
    9.291796726893482,
    103.30260011636855,
    0.0,
    113.41524792584839,
    52.59425485535158,
    31.11279997873444
  ],
  "est_relative_delays_samples": [
    121.11923635795411,
    50.69426028292799,
    0.0,
    122.18882642049708,
    5.3730450345427485,
    134.2030623252453,
    73.4280644256996,
    42.1591316457761
  ],
  "true_distances_m": [
    0.9631473905474638,
    0.4807518093446169,
    0.27457550593207875,
    0.9463610384860359,
    0.20817787515448571,
    1.0186243342912773,
    0.5840076546416856,
    0.4305047583358589
  ],
  "est_distances_m": [
    1.0575916035975326,
    0.5543464620614084,
    0.19209372712298547,
    1.0652347159194542,
    0.2304886114323222,
    1.1510864433221342,
    0.7167984374982973,
    0.49335585534176046
  ]
}