{
  "scene_index": 20,
  "scene_name": "scene_020",
  "fs": 48000,
  "layout": "mic_8",
  "num_mics": 8,
  "rt60_sec": 0.3,
  "snr_db": 20.0,
  "source_mode": "probe",
  "source_ref": "generated_probe_signal",
  "true_source_position": [
    0.8090201278998418,
    0.23222142239241922,
    0.35
  ],
  "estimated_source_position": [
    0.8200000000000001,
    0.24000000000000005,
    0.35
  ],
  "localization_error_m": 0.013455997210648933,
  "peak_score": 0.571663724898789,
  "absorption": 0.0700494894560237,
  "max_order_used": 12,
  "max_order_raw": 219,
  "true_ref_mic_index": 1,
  "est_ref_mic_index": 1,
  "true_relative_delays_samples": [
    64.48033195553622,
    0.0,
    10.971401754216167,
    64.22345464105365,
    10.452293759502185,
    79.00554103167164,
    29.226298388071044,
    36.19090694871207
  ],
  "est_relative_delays_samples": [
    64.53712637921178,
    0.0,
    8.532747593850896,
    63.866445671113816,
    7.125079760555635,
    78.12424982049544,
    27.305738073360743,
    32.84423605885824
  ],
  "true_distances_m": [
    0.759698432483754,
    0.2989327270514848,
    0.3773325354201545,
    0.7578628300073474,
    0.3736230762079275,
    0.8634931556736384,
    0.5077789842829091,
    0.5575469162891564
  ],
  "est_distances_m": [
    0.771816040258299,
    0.31064449134018146,
    0.371618083521241,
    0.767023467698349,
    0.36155912379581856,
    0.8689073598491384,
    0.5057667446560717,
    0.5453439281774393
  ]
}