{
  "scene_index": 27,
  "scene_name": "scene_027",
  "fs": 48000,
  "layout": "mic_8",
  "num_mics": 8,
  "rt60_sec": 0.3,
  "snr_db": 20.0,
  "source_mode": "probe",
  "source_ref": "generated_probe_signal",
  "true_source_position": [
    0.7120706002095353,
    0.08280517930574949,
    0.35
  ],
  "estimated_source_position": [
    0.6200000000000001,
    0.08,
    0.35
  ],
  "localization_error_m": 0.09211332397585846,
  "peak_score": 0.5450094467108346,
  "absorption": 0.0700494894560237,
  "max_order_used": 12,
  "max_order_raw": 219,
  "true_ref_mic_index": 1,
  "est_ref_mic_index": 1,
  "true_relative_delays_samples": [
    64.70453649618189,
    0.0,
    34.61863539094981,
    73.47641118771172,
    47.084475143013194,
    96.3377864506848,
    60.04368728883175,
    76.02848674743758
  ],
  "est_relative_delays_samples": [
    57.252775453835575,
    0.0,
    51.874686778959116,
    67.45425147239403,
    62.73258213498081,
    92.70147091285946,
    64.06114059140668,
    89.06648202612661
  ],
  "true_distances_m": [
    0.6496315206947548,
    0.18726368698245505,
    0.4346426857136173,
    0.7123138752613116,
    0.5237214989419035,
    0.8756774526613068,
    0.6163258690672319,
    0.7305505818651861
  ],
  "est_distances_m": [
    0.5604462507680823,
    0.15132745950421558,
    0.5220153254455275,
    0.6333442981506979,
    0.5996040360104326,
    0.8137567204023571,
    0.6090976933136425,
    0.7877816956492453
  ]
}