{
  "scene_index": 53,
  "scene_name": "scene_053",
  "fs": 48000,
  "layout": "mic_8",
  "num_mics": 8,
  "rt60_sec": 0.3,
  "snr_db": 20.0,
  "source_mode": "probe",
  "source_ref": "generated_probe_signal",
  "true_source_position": [
    0.47084831830544743,
    0.20900357239623119,
    0.35
  ],
  "estimated_source_position": [
    0.4800000000000001,
    0.2,
    0.35
  ],
  "localization_error_m": 0.012838130460958332,
  "peak_score": 0.6133478101977818,
  "absorption": 0.0700494894560237,
  "max_order_used": 12,
  "max_order_raw": 219,
  "true_ref_mic_index": 1,
  "est_ref_mic_index": 1,
  "true_relative_delays_samples": [
    28.24049903829502,
    0.0,
    61.90514982641845,
    29.959468158646327,
    63.02374569693686,
    54.08088178449899,
    37.144446720873006,
    80.31643161325499
  ],
  "est_relative_delays_samples": [
    30.400810018223215,
    0.0,
    61.813857282808456,
    32.90863203601571,
    63.49768800762183,
    57.186157052346736,
    39.35790898192258,
    81.38856503445193
  ],
  "true_distances_m": [
    0.438068864007916,
    0.2362669646300995,
    0.6786308477647147,
    0.4503523308470931,
    0.6866241474227942,
    0.6227199323818319,
    0.5016949901563379,
    0.8101947988664842
  ],
  "est_distances_m": [
    0.44373415464667587,
    0.22649503305812246,
    0.6682065548915246,
    0.46165463281548474,
    0.6802389286125868,
    0.6351377803280168,
    0.5077400909914442,
    0.8080841540334769
  ]
}