{
  "scene_index": 89,
  "scene_name": "scene_089",
  "fs": 48000,
  "layout": "mic_8",
  "num_mics": 8,
  "rt60_sec": 0.3,
  "snr_db": 20.0,
  "source_mode": "probe",
  "source_ref": "generated_probe_signal",
  "true_source_position": [
    1.0565326080459498,
    0.15318092371967096,
    0.35
  ],
  "estimated_source_position": [
    1.1200000000000003,
    0.22000000000000003,
    0.35
  ],
  "localization_error_m": 0.09215692484238777,
  "peak_score": 0.5979367234430748,
  "absorption": 0.0700494894560237,
  "max_order_used": 12,
  "max_order_raw": 219,
  "true_ref_mic_index": 2,
  "est_ref_mic_index": 2,
  "true_relative_delays_samples": [
    113.65122338259984,
    43.035447424530915,
    0.0,
    116.71431002966352,
    13.523189904465408,
    131.04659655870648,
    73.77004771326453,
    50.84316135393316
  ],
  "est_relative_delays_samples": [
    119.631158970264,
    49.51614914352641,
    0.0,
    119.92295426596876,
    1.4713050702364494,
    131.24896191923304,
    69.78384544427466,
    37.66653813249096
  ],
  "true_distances_m": [
    0.9906923751465382,
    0.4860838094461707,
    0.17855967472504353,
    1.012580681812014,
    0.27519413591736924,
    1.1149968126341336,
    0.7057081406760797,
    0.5418764319000242
  ],
  "est_distances_m": [
    1.0600471687618436,
    0.5590169943749478,
    0.20518284528683195,
    1.0621322893124003,
    0.2156965461012299,
    1.1430660523346847,
    0.7038465741907113,
    0.47434164902525694
  ]
}