{
  "scene_index": 83,
  "scene_name": "scene_083",
  "fs": 48000,
  "layout": "mic_8",
  "num_mics": 8,
  "rt60_sec": 0.3,
  "snr_db": 20.0,
  "source_mode": "probe",
  "source_ref": "generated_probe_signal",
  "true_source_position": [
    0.57406667719427,
    0.6511598279855573,
    0.35
  ],
  "estimated_source_position": [
    0.5800000000000001,
    0.66,
    0.35
  ],
  "localization_error_m": 0.010646734746481383,
  "peak_score": 0.6483014850416025,
  "absorption": 0.0700494894560237,
  "max_order_used": 12,
  "max_order_raw": 219,
  "true_ref_mic_index": 6,
  "est_ref_mic_index": 6,
  "true_relative_delays_samples": [
    86.28312707887558,
    61.2539652288484,
    91.07844138142524,
    60.4773395035154,
    66.68778640158881,
    50.8396862710553,
    0.0,
    57.8087920284245
  ],
  "est_relative_delays_samples": [
    87.97615460500691,
    62.66013396312033,
    91.64477572144197,
    62.00681098755484,
    66.76495606852613,
    51.841901864569124,
    0.0,
    57.219071637359264
  ],
  "true_distances_m": [
    0.7699515768009559,
    0.5910973577476367,
    0.8042180935879253,
    0.585547719752028,
    0.6299265382111775,
    0.5166786560284068,
    0.1533867312164908,
    0.5664787242529409
  ],
  "est_distances_m": [
    0.7803204469959762,
    0.5994163828258284,
    0.8065358020571685,
    0.5947478457296,
    0.6287487574540407,
    0.5221110992882646,
    0.15165750888103102,
    0.5605354582896608
  ]
}