{
  "scene_index": 82,
  "scene_name": "scene_082",
  "fs": 48000,
  "layout": "mic_8",
  "num_mics": 8,
  "rt60_sec": 0.3,
  "snr_db": 20.0,
  "source_mode": "probe",
  "source_ref": "generated_probe_signal",
  "true_source_position": [
    0.13235339544942534,
    0.6182491523224889,
    0.35
  ],
  "estimated_source_position": [
    0.08,
    0.6000000000000001,
    0.35
  ],
  "localization_error_m": 0.055442849634315415,
  "peak_score": 0.5432973625387936,
  "absorption": 0.0700494894560237,
  "max_order_used": 12,
  "max_order_raw": 219,
  "true_ref_mic_index": 5,
  "est_ref_mic_index": 5,
  "true_relative_delays_samples": [
    55.15338258336521,
    78.58324064998004,
    135.4160182108973,
    17.27522515186688,
    120.49981132531133,
    0.0,
    45.72505051630857,
    116.60250310701608
  ],
  "est_relative_delays_samples": [
    52.57230248913223,
    81.866405634887,
    140.901868167691,
    14.678049038460285,
    127.2142544945575,
    0.0,
    53.203184944124324,
    124.20682016740662
  ],
  "true_distances_m": [
    0.5612067604644138,
    0.7286326212320989,
    1.1347501775528201,
    0.2905357604851653,
    1.0281614491829036,
    0.16708988075411652,
    0.4938334709019048,
    1.0003119342063356
  ],
  "est_distances_m": [
    0.5412023651093925,
    0.7505331438384318,
    1.1723907198540937,
    0.2704163456597993,
    1.0745813138148272,
    0.16552945357246848,
    0.5457105459856901,
    1.0530906893520615
  ]
}