{
  "scene_index": 9,
  "scene_name": "scene_009",
  "fs": 48000,
  "layout": "mic_8",
  "num_mics": 8,
  "rt60_sec": 0.3,
  "snr_db": 20.0,
  "source_mode": "probe",
  "source_ref": "generated_probe_signal",
  "true_source_position": [
    0.7002306377166375,
    0.6305040504047562,
    0.35
  ],
  "estimated_source_position": [
    0.7000000000000001,
    0.64,
    0.35
  ],
  "localization_error_m": 0.009498750047861385,
  "peak_score": 0.5342927999993264,
  "absorption": 0.0700494894560237,
  "max_order_used": 12,
  "max_order_raw": 219,
  "true_ref_mic_index": 6,
  "est_ref_mic_index": 6,
  "true_relative_delays_samples": [
    92.09274792578121,
    55.22551199464078,
    73.28361832185082,
    70.34658103352876,
    46.05758798471101,
    63.62505597331305,
    0.0,
    36.781262564677434
  ],
  "est_relative_delays_samples": [
    93.21040867052636,
    56.7527894173768,
    74.6077272544159,
    71.08837580749494,
    47.022636181170974,
    63.790395263246204,
    0.0,
    36.97724976525754
  ],
  "true_distances_m": [
    0.8427578261128337,
    0.579310702688226,
    0.708350920818081,
    0.6873633418619465,
    0.513798245700603,
    0.6393324440358217,
    0.18467839822652213,
    0.44751117030327964
  ],
  "est_distances_m": [
    0.8488227141164403,
    0.5883026432033092,
    0.7158910531638177,
    0.690742354282695,
    0.5187725898695883,
    0.6385922016435842,
    0.1827566688249707,
    0.44698993277254023
  ]
}