{
  "scene_index": 26,
  "scene_name": "scene_026",
  "fs": 48000,
  "layout": "mic_8",
  "num_mics": 8,
  "rt60_sec": 0.3,
  "snr_db": 20.0,
  "source_mode": "probe",
  "source_ref": "generated_probe_signal",
  "true_source_position": [
    0.23746729512497722,
    0.6615471955136091,
    0.35
  ],
  "estimated_source_position": [
    0.32000000000000006,
    0.6200000000000001,
    0.35
  ],
  "localization_error_m": 0.09240030751590424,
  "peak_score": 0.5346636354341159,
  "absorption": 0.0700494894560237,
  "max_order_used": 12,
  "max_order_raw": 219,
  "true_ref_mic_index": 5,
  "est_ref_mic_index": 5,
  "true_relative_delays_samples": [
    56.43013941571489,
    67.71459175038682,
    118.9310906840754,
    19.8841577686889,
    101.07877243580673,
    0.0,
    24.46035352918742,
    94.8229128653347
  ],
  "est_relative_delays_samples": [
    45.09899275424595,
    47.45367422177285,
    96.47276059526072,
    12.165212700300543,
    78.7329513923466,
    0.0,
    4.779924881950616,
    73.89945155699212
  ],
  "true_distances_m": [
    0.6208808981147034,
    0.7015177137562132,
    1.0675022790531963,
    0.35972940426199684,
    0.9399325882374431,
    0.21764052687324076,
    0.39243013646722585,
    0.8952292583901117
  ],
  "est_distances_m": [
    0.6096720429870475,
    0.6264982043070835,
    0.9767804256842989,
    0.37433273968489594,
    0.8500147057551417,
    0.2874021572639983,
    0.32155870381627044,
    0.8154753215150046
  ]
}