{
  "scene_index": 87,
  "scene_name": "scene_087",
  "fs": 48000,
  "layout": "mic_8",
  "num_mics": 8,
  "rt60_sec": 0.3,
  "snr_db": 20.0,
  "source_mode": "probe",
  "source_ref": "generated_probe_signal",
  "true_source_position": [
    0.4176131365729518,
    0.27702183015530163,
    0.35
  ],
  "estimated_source_position": [
    0.4000000000000001,
    0.3400000000000001,
    0.35
  ],
  "localization_error_m": 0.06539474334321632,
  "peak_score": 0.5803469809547597,
  "absorption": 0.0700494894560237,
  "max_order_used": 12,
  "max_order_raw": 219,
  "true_ref_mic_index": 1,
  "est_ref_mic_index": 3,
  "true_relative_delays_samples": [
    15.553946847738436,
    0.0,
    61.184675682397156,
    10.448664842688778,
    58.402489624315685,
    32.44157462555364,
    21.12132433384114,
    71.53301222225257
  ],
  "est_relative_delays_samples": [
    11.700161244736222,
    0.7770904437317816,
    59.46448272261137,
    0.0,
    53.33885463275967,
    17.966816887398434,
    8.237529620724466,
    63.10823278055772
  ],
  "true_distances_m": [
    0.4186887048206234,
    0.30754279297115916,
    0.7447582879516222,
    0.38220721049287276,
    0.7248772500782484,
    0.5393648783162612,
    0.4584722564400657,
    0.8187057761426724
  ],
  "est_distances_m": [
    0.43874821936960623,
    0.3606937759374287,
    0.7800640999302557,
    0.35514081714159534,
    0.7362913825381905,
    0.4835286961494633,
    0.4140048308896889,
    0.8061017305526641
  ]
}