{
  "scene_index": 30,
  "scene_name": "scene_030",
  "fs": 48000,
  "layout": "mic_8",
  "num_mics": 8,
  "rt60_sec": 0.3,
  "snr_db": 20.0,
  "source_mode": "probe",
  "source_ref": "generated_probe_signal",
  "true_source_position": [
    1.0039523912659731,
    0.12716219107844276,
    0.35
  ],
  "estimated_source_position": [
    1.0200000000000002,
    0.12000000000000001,
    0.35
  ],
  "localization_error_m": 0.01757335275707365,
  "peak_score": 0.6077473930750587,
  "absorption": 0.0700494894560237,
  "max_order_used": 12,
  "max_order_raw": 219,
  "true_ref_mic_index": 2,
  "est_ref_mic_index": 2,
  "true_relative_delays_samples": [
    103.81021909476516,
    33.31317892026653,
    0.0,
    108.15778001094797,
    16.32401887890829,
    124.07751866168533,
    69.64158731180684,
    53.12004532902432
  ],
  "est_relative_delays_samples": [
    107.48516263975534,
    36.8201157437064,
    0.0,
    112.0645915477591,
    17.860488806952766,
    128.0048884980177,
    73.25026503433128,
    55.15521754122227
  ],
  "true_distances_m": [
    0.937236519558126,
    0.4334764199778547,
    0.19542599561011673,
    0.9683034652716824,
    0.3120747138489822,
    1.0820632643800765,
    0.6930731716090698,
    0.5750129861904364
  ],
  "est_distances_m": [
    0.9527329111561122,
    0.44777226354476246,
    0.18466185312619382,
    0.9854567468945558,
    0.3122899293925438,
    1.0993634521849454,
    0.7080960386840194,
    0.5787918451395113
  ]
}