{
  "scene_index": 78,
  "scene_name": "scene_078",
  "fs": 48000,
  "layout": "mic_8",
  "num_mics": 8,
  "rt60_sec": 0.3,
  "snr_db": 20.0,
  "source_mode": "probe",
  "source_ref": "generated_probe_signal",
  "true_source_position": [
    0.7472695871255892,
    0.111631484832078,
    0.35
  ],
  "estimated_source_position": [
    0.7600000000000001,
    0.08,
    0.35
  ],
  "localization_error_m": 0.03409712956591724,
  "peak_score": 0.6176870552934521,
  "absorption": 0.0700494894560237,
  "max_order_used": 12,
  "max_order_raw": 219,
  "true_ref_mic_index": 1,
  "est_ref_mic_index": 1,
  "true_relative_delays_samples": [
    66.06309740679124,
    0.0,
    26.65153672349583,
    72.81197879980101,
    37.48062286771998,
    93.80709312547319,
    53.74463341145866,
    66.51722659922692
  ],
  "est_relative_delays_samples": [
    66.75645373959664,
    0.0,
    23.885650566351504,
    75.14030685141995,
    37.74045032785998,
    97.03154025428678,
    57.3938767038557,
    68.28189850619668
  ],
  "true_distances_m": [
    0.6846526511563629,
    0.21257676760366714,
    0.40302420710698106,
    0.7328790327772451,
    0.48040705184591614,
    0.8829066205627775,
    0.5966269605230488,
    0.6878977826773095
  ],
  "est_distances_m": [
    0.6963476143421475,
    0.2193171219946132,
    0.39,
    0.756257231370385,
    0.489004089962446,
    0.9126883367283709,
    0.6294441992742488,
    0.707248188403477
  ]
}