{
  "scene_index": 7,
  "scene_name": "scene_007",
  "fs": 48000,
  "layout": "mic_8",
  "num_mics": 8,
  "rt60_sec": 0.3,
  "snr_db": 20.0,
  "source_mode": "probe",
  "source_ref": "generated_probe_signal",
  "true_source_position": [
    0.14983558374319106,
    0.4743472100991239,
    0.35
  ],
  "estimated_source_position": [
    0.08,
    0.4200000000000001,
    0.35
  ],
  "localization_error_m": 0.08849083569675763,
  "peak_score": 0.5735140777619657,
  "absorption": 0.0700494894560237,
  "max_order_used": 12,
  "max_order_raw": 219,
  "true_ref_mic_index": 3,
  "est_ref_mic_index": 3,
  "true_relative_delays_samples": [
    32.83844883262718,
    59.33249973943852,
    121.04138517023246,
    0.0,
    111.07333887032763,
    8.8501594269253,
    44.81743071631075,
    113.07351683068404
  ],
  "est_relative_delays_samples": [
    30.089350794763757,
    67.52682676860644,
    132.63613184136128,
    0.0,
    125.26463107867514,
    18.884151198872075,
    61.511334548976826,
    129.23447104234822
  ],
  "true_distances_m": [
    0.42765258197480205,
    0.6169746540797248,
    1.0579360645539397,
    0.1929944996916537,
    0.9867060670358698,
    0.25623626392989074,
    0.5132523900186242,
    1.0009990053775835
  ],
  "est_distances_m": [
    0.371618083521241,
    0.6391400472509918,
    1.1044002897500527,
    0.1566045976336583,
    1.0517247738833577,
    0.291547594742265,
    0.5961543424315552,
    1.0800925886237718
  ]
}