{
  "scene_index": 33,
  "scene_name": "scene_033",
  "fs": 48000,
  "layout": "mic_8",
  "num_mics": 8,
  "rt60_sec": 0.3,
  "snr_db": 20.0,
  "source_mode": "probe",
  "source_ref": "generated_probe_signal",
  "true_source_position": [
    0.1419992620562693,
    0.5887839962051278,
    0.35
  ],
  "estimated_source_position": [
    0.08,
    0.54,
    0.35
  ],
  "localization_error_m": 0.0788909803543084,
  "peak_score": 0.5553860094149576,
  "absorption": 0.0700494894560237,
  "max_order_used": 12,
  "max_order_raw": 219,
  "true_ref_mic_index": 5,
  "est_ref_mic_index": 5,
  "true_relative_delays_samples": [
    49.33676218525391,
    72.67312594079132,
    130.29857336221107,
    12.164152496025494,
    116.26014161492695,
    0.0,
    42.99570332886389,
    113.53062268517503
  ],
  "est_relative_delays_samples": [
    39.931589558949376,
    71.62038043667384,
    132.74103821838713,
    3.428109452639374,
    121.06961546576115,
    0.0,
    50.113465132161565,
    120.38883389283107
  ],
  "true_distances_m": [
    0.5340459374342076,
    0.7008037034373187,
    1.1125855464695473,
    0.26841666402992953,
    1.0122692529420796,
    0.1814936576520807,
    0.48873378768958725,
    0.9927645655898938
  ],
  "est_distances_m": [
    0.48383881613611784,
    0.7102816342831906,
    1.1470396680150168,
    0.22299103120977762,
    1.063637626261877,
    0.1984943324127921,
    0.5565968020030299,
    1.058772874605314
  ]
}