{
  "scene_index": 49,
  "scene_name": "scene_049",
  "fs": 48000,
  "layout": "mic_8",
  "num_mics": 8,
  "rt60_sec": 0.3,
  "snr_db": 20.0,
  "source_mode": "probe",
  "source_ref": "generated_probe_signal",
  "true_source_position": [
    0.8049777252495088,
    0.13164938717917557,
    0.35
  ],
  "estimated_source_position": [
    0.8200000000000001,
    0.2,
    0.35
  ],
  "localization_error_m": 0.06998196204495481,
  "peak_score": 0.5603807757690208,
  "absorption": 0.0700494894560237,
  "max_order_used": 12,
  "max_order_raw": 219,
  "true_ref_mic_index": 1,
  "est_ref_mic_index": 1,
  "true_relative_delays_samples": [
    67.58266412444245,
    0.0,
    13.086713896118631,
    72.78430907388858,
    23.257522956951274,
    91.82674542306175,
    47.02943218910259,
    53.504171702439905
  ],
  "est_relative_delays_samples": [
    66.11746140338539,
    0.0,
    8.979865928527037,
    67.59223922290515,
    12.070952036898078,
    83.58999469772526,
    34.72282441225546,
    39.93185268802948
  ],
  "true_distances_m": [
    0.7421323071420195,
    0.2591978530861078,
    0.35271332946878886,
    0.7793023950099366,
    0.4253922358826555,
    0.9153764714217366,
    0.5952623372707367,
    0.641529746709793
  ],
  "est_distances_m": [
    0.7645259969418962,
    0.29206163733020474,
    0.35623026261113755,
    0.7750645134438812,
    0.37831864876053894,
    0.8893818077743665,
    0.5401851534427803,
    0.5774080013300821
  ]
}