{
  "scene_index": 4,
  "scene_name": "scene_004",
  "fs": 48000,
  "layout": "mic_8",
  "num_mics": 8,
  "rt60_sec": 0.3,
  "snr_db": 20.0,
  "source_mode": "probe",
  "source_ref": "generated_probe_signal",
  "true_source_position": [
    1.0981809120736328,
    0.5303264192339444,
    0.35
  ],
  "estimated_source_position": [
    1.1200000000000003,
    0.52,
    0.35
  ],
  "localization_error_m": 0.0241393357848499,
  "peak_score": 0.6086939072084694,
  "absorption": 0.0700494894560237,
  "max_order_used": 12,
  "max_order_raw": 219,
  "true_ref_mic_index": 7,
  "est_ref_mic_index": 4,
  "true_relative_delays_samples": [
    128.36336983730612,
    67.44896813671748,
    37.64909988355962,
    116.8103909779567,
    1.5271044507075333,
    116.49963631172766,
    46.541417689566146,
    0.0
  ],
  "est_relative_delays_samples": [
    130.2213273113939,
    68.41316281030277,
    35.858534556248784,
    119.24328423434723,
    0.0,
    119.34055145094949,
    49.39639176681636,
    0.4905759401581736
  ],
  "true_distances_m": [
    1.1233816152898182,
    0.6880974531376954,
    0.4751525612453381,
    1.040825953857384,
    0.21703080221474924,
    1.0386053528049557,
    0.5386955822340931,
    0.20611836832740166
  ],
  "est_distances_m": [
    1.1391663618629198,
    0.6974955196988726,
    0.4648655719667784,
    1.0607190957081902,
    0.20862646045025068,
    1.0614141510268273,
    0.5616048432839592,
    0.21213203435596428
  ]
}