{
  "scene_index": 63,
  "scene_name": "scene_063",
  "fs": 48000,
  "layout": "mic_8",
  "num_mics": 8,
  "rt60_sec": 0.3,
  "snr_db": 20.0,
  "source_mode": "probe",
  "source_ref": "generated_probe_signal",
  "true_source_position": [
    0.8082294976013419,
    0.5334075936022677,
    0.35
  ],
  "estimated_source_position": [
    0.8000000000000002,
    0.52,
    0.35
  ],
  "localization_error_m": 0.015731757593290707,
  "peak_score": 0.5652000387761783,
  "absorption": 0.0700494894560237,
  "max_order_used": 12,
  "max_order_raw": 219,
  "true_ref_mic_index": 6,
  "est_ref_mic_index": 6,
  "true_relative_delays_samples": [
    81.18599999984559,
    32.225632583611464,
    39.12972917763049,
    65.70074802357657,
    12.566725849543685,
    65.10675455606808,
    0.0,
    11.369899338472885
  ],
  "est_relative_delays_samples": [
    79.13452963736931,
    30.019681737087065,
    38.17755535467755,
    64.10294678642614,
    12.658245712795237,
    64.24053627282238,
    0.0,
    12.92774087465201
  ],
  "true_distances_m": [
    0.8708597172409009,
    0.520997091745728,
    0.5703326153238222,
    0.7602046874938118,
    0.38051782070853524,
    0.7559601091739074,
    0.2907180922420043,
    0.37196549793150846
  ],
  "est_distances_m": [
    0.8570297544426333,
    0.5060632371551999,
    0.5643580423808985,
    0.7496165686536019,
    0.3820013088982811,
    0.7505997601918084,
    0.29154759474226516,
    0.3839270764090493
  ]
}