{
  "scene_index": 52,
  "scene_name": "scene_052",
  "fs": 48000,
  "layout": "mic_8",
  "num_mics": 8,
  "rt60_sec": 0.3,
  "snr_db": 20.0,
  "source_mode": "probe",
  "source_ref": "generated_probe_signal",
  "true_source_position": [
    1.08385524894343,
    0.3643695642848768,
    0.35
  ],
  "estimated_source_position": [
    1.1000000000000003,
    0.36000000000000004,
    0.35
  ],
  "localization_error_m": 0.01672561146022158,
  "peak_score": 0.6287666554583269,
  "absorption": 0.0700494894560237,
  "max_order_used": 12,
  "max_order_raw": 219,
  "true_ref_mic_index": 4,
  "est_ref_mic_index": 4,
  "true_relative_delays_samples": [
    125.86692518131039,
    59.65334048845513,
    23.632253650776565,
    120.40536987216676,
    0.0,
    126.69726275482606,
    61.15041855137169,
    26.26840966667516
  ],
  "est_relative_delays_samples": [
    128.2212061946823,
    61.61619575892808,
    23.25936503780789,
    123.01021128036507,
    0.0,
    129.3760316822605,
    63.68120903215857,
    26.99401090925966
  ],
  "true_distances_m": [
    1.0540832082539056,
    0.5809319676362108,
    0.32353128460863273,
    1.0150558442739834,
    0.15465913872912518,
    1.060016662164653,
    0.591629837960802,
    0.3423688161389081
  ],
  "est_distances_m": [
    1.068316432523623,
    0.5923681287847957,
    0.318276609256791,
    1.0310795313650643,
    0.15206906325745548,
    1.076568622986942,
    0.6071243694664219,
    0.3449637662132068
  ]
}