{
  "scene_index": 65,
  "scene_name": "scene_065",
  "fs": 48000,
  "layout": "mic_8",
  "num_mics": 8,
  "rt60_sec": 0.3,
  "snr_db": 20.0,
  "source_mode": "probe",
  "source_ref": "generated_probe_signal",
  "true_source_position": [
    0.6996171189607949,
    0.323029339741675,
    0.35
  ],
  "estimated_source_position": [
    0.6000000000000001,
    0.3400000000000001,
    0.35
  ],
  "localization_error_m": 0.10105233149043442,
  "peak_score": 0.5971152674549584,
  "absorption": 0.0700494894560237,
  "max_order_used": 12,
  "max_order_raw": 219,
  "true_ref_mic_index": 1,
  "est_ref_mic_index": 1,
  "true_relative_delays_samples": [
    53.149766755746946,
    0.0,
    28.792946886076276,
    47.18301111110215,
    20.556065217296627,
    59.24454523498886,
    12.377020120682234,
    36.786901144331914
  ],
  "est_relative_delays_samples": [
    42.017478954409384,
    0.0,
    42.01747895440936,
    33.8891619617501,
    33.88916196175008,
    46.69998916947588,
    8.721832136923279,
    46.69998916947588
  ],
  "true_distances_m": [
    0.6822672746692094,
    0.3024678997271011,
    0.5082174993505212,
    0.6396298332918519,
    0.4493581157590333,
    0.725819545885459,
    0.39091202267280956,
    0.5653409641543062
  ],
  "est_distances_m": [
    0.6004165220911232,
    0.3001666203960728,
    0.6004165220911231,
    0.5423329235810787,
    0.5423329235810785,
    0.6338769596696192,
    0.3624913792078371,
    0.6338769596696192
  ]
}