{
  "scene_index": 64,
  "scene_name": "scene_064",
  "fs": 48000,
  "layout": "mic_8",
  "num_mics": 8,
  "rt60_sec": 0.3,
  "snr_db": 20.0,
  "source_mode": "probe",
  "source_ref": "generated_probe_signal",
  "true_source_position": [
    0.10569813229501918,
    0.5968418258477886,
    0.35
  ],
  "estimated_source_position": [
    0.08,
    0.54,
    0.35
  ],
  "localization_error_m": 0.06238098403490142,
  "peak_score": 0.5897514466319302,
  "absorption": 0.0700494894560237,
  "max_order_used": 12,
  "max_order_raw": 219,
  "true_ref_mic_index": 5,
  "est_ref_mic_index": 5,
  "true_relative_delays_samples": [
    51.76797919984268,
    78.62890516674098,
    137.05528445585318,
    14.017683538057303,
    123.17684755317306,
    0.0,
    49.37960570896375,
    120.22158303191979
  ],
  "est_relative_delays_samples": [
    39.931589558949376,
    71.62038043667384,
    132.74103821838713,
    3.428109452639374,
    121.06961546576115,
    0.0,
    50.113465132161565,
    120.38883389283107
  ],
  "true_distances_m": [
    0.5387818361351171,
    0.730725536273578,
    1.1482307049436922,
    0.2690245150519425,
    1.0490577079099572,
    0.1688564847695747,
    0.5217149172315448,
    1.0279398801851682
  ],
  "est_distances_m": [
    0.48383881613611784,
    0.7102816342831906,
    1.1470396680150168,
    0.22299103120977762,
    1.063637626261877,
    0.1984943324127921,
    0.5565968020030299,
    1.058772874605314
  ]
}