{
  "scene_index": 58,
  "scene_name": "scene_058",
  "fs": 48000,
  "layout": "mic_8",
  "num_mics": 8,
  "rt60_sec": 0.3,
  "snr_db": 20.0,
  "source_mode": "probe",
  "source_ref": "generated_probe_signal",
  "true_source_position": [
    1.0280683687681977,
    0.4737776575458625,
    0.35
  ],
  "estimated_source_position": [
    1.0600000000000003,
    0.4000000000000001,
    0.35
  ],
  "localization_error_m": 0.08039136661407353,
  "peak_score": 0.5476143122387791,
  "absorption": 0.0700494894560237,
  "max_order_used": 12,
  "max_order_raw": 219,
  "true_ref_mic_index": 4,
  "est_ref_mic_index": 4,
  "true_relative_delays_samples": [
    116.95360553720093,
    55.823545318511286,
    32.12054253968666,
    106.79888569661117,
    0.0,
    108.86753751645941,
    40.92579151907662,
    8.645473891459572
  ],
  "est_relative_delays_samples": [
    122.9107172309215,
    58.30088022132374,
    27.287389761303373,
    115.90677021469472,
    0.0,
    120.91570314744388,
    54.6609417859011,
    21.154261533526846
  ],
  "true_distances_m": [
    1.0374943254982643,
    0.6006691035188778,
    0.4312913961618602,
    0.9649303899707166,
    0.20176335259701597,
    0.9797126311000488,
    0.49421223782708434,
    0.2635424681130708
  ],
  "est_distances_m": [
    1.0417773274553448,
    0.5800862004909273,
    0.3584689665786985,
    0.9917282894018908,
    0.16347782724271812,
    1.0275212893171608,
    0.554075807087803,
    0.3146426544510454
  ]
}