{
  "scene_index": 5,
  "scene_name": "scene_005",
  "fs": 48000,
  "layout": "mic_8",
  "num_mics": 8,
  "rt60_sec": 0.3,
  "snr_db": 20.0,
  "source_mode": "probe",
  "source_ref": "generated_probe_signal",
  "true_source_position": [
    0.6137468256001841,
    0.38835945938498756,
    0.35
  ],
  "estimated_source_position": [
    0.6000000000000001,
    0.38000000000000006,
    0.35
  ],
  "localization_error_m": 0.016088995471785387,
  "peak_score": 0.6824564395621494,
  "absorption": 0.0700494894560237,
  "max_order_used": 12,
  "max_order_raw": 219,
  "true_ref_mic_index": 6,
  "est_ref_mic_index": 6,
  "true_relative_delays_samples": [
    44.083813062871954,
    3.3295374565676625,
    40.87205340985095,
    32.913451891833176,
    29.21789342647184,
    42.327762128642505,
    0.0,
    39.048681863816775
  ],
  "est_relative_delays_samples": [
    40.903918716722,
    1.2473901731095034,
    40.90391871672198,
    30.049526342794575,
    30.049526342794554,
    40.23417417712794,
    0.0,
    40.23417417712792
  ],
  "true_distances_m": [
    0.6344062027049193,
    0.34318294160153656,
    0.6114555035177067,
    0.5545846635035381,
    0.5281768186364768,
    0.6218577554040714,
    0.3193906218598135,
    0.5984259943450042
  ],
  "est_distances_m": [
    0.6187891401761995,
    0.3354101966249685,
    0.6187891401761993,
    0.5412254613375097,
    0.5412254613375096,
    0.6140032573203502,
    0.32649655434629016,
    0.6140032573203501
  ]
}