{
  "scene_index": 84,
  "scene_name": "scene_084",
  "fs": 48000,
  "layout": "mic_8",
  "num_mics": 8,
  "rt60_sec": 0.3,
  "snr_db": 20.0,
  "source_mode": "probe",
  "source_ref": "generated_probe_signal",
  "true_source_position": [
    0.6359297824775147,
    0.6130554276623058,
    0.35
  ],
  "estimated_source_position": [
    0.6200000000000001,
    0.6000000000000001,
    0.35
  ],
  "localization_error_m": 0.02059616860551083,
  "peak_score": 0.5685138797149055,
  "absorption": 0.0700494894560237,
  "max_order_used": 12,
  "max_order_raw": 219,
  "true_ref_mic_index": 6,
  "est_ref_mic_index": 6,
  "true_relative_delays_samples": [
    86.79887378953234,
    54.64771625592965,
    79.91915368692804,
    64.185742537899,
    55.34506263089263,
    57.963917157079436,
    0.0,
    48.35660408333381
  ],
  "est_relative_delays_samples": [
    83.65611805526281,
    52.45552884758618,
    79.77854145113216,
    61.181295977225616,
    56.21563102597406,
    55.70624324464892,
    0.0,
    50.3726334626543
  ],
  "true_distances_m": [
    0.7846693647682065,
    0.5549225515593372,
    0.7355080315350132,
    0.6230796976992432,
    0.5599056725304269,
    0.5786195704988034,
    0.16441907914717327,
    0.5099673124926628
  ],
  "est_distances_m": [
    0.7645259969418962,
    0.5415717865620403,
    0.736817480791546,
    0.603924664175922,
    0.5684408500451037,
    0.5648008498577177,
    0.16673332000533067,
    0.5266877632905478
  ]
}